"Parameter","Region","Crop","Input","Level"
"Input_Use","D02","ALFAL","LAND",25064.07
"Input_Use","D02","ALFAL","WATER",131498.02
"Input_Use","D02","ALFAL","LABOR",34.75
"Input_Use","D02","ALFAL","SUPPL",496.08
"Input_Use","D02","ALPIS","LAND",4516.82
"Input_Use","D02","ALPIS","WATER",22789.32
"Input_Use","D02","ALPIS","LABOR",403.44
"Input_Use","D02","ALPIS","SUPPL",887.99
"Input_Use","D02","CORN","LAND",19211.82
"Input_Use","D02","CORN","WATER",45734.83
"Input_Use","D02","CORN","LABOR",151.05
"Input_Use","D02","CORN","SUPPL",560.48
"Input_Use","D02","COTTN","LAND",11917.02
"Input_Use","D02","COTTN","WATER",42089.16
"Input_Use","D02","COTTN","LABOR",153.07
"Input_Use","D02","COTTN","SUPPL",648.68
"Input_Use","D02","CUCUR","LAND",340.08
"Input_Use","D02","CUCUR","WATER",888.78
"Input_Use","D02","CUCUR","LABOR",8053.96
"Input_Use","D02","CUCUR","SUPPL",3855.69
"Input_Use","D02","DRYBN","LAND",214.40
"Input_Use","D02","DRYBN","WATER",466.46
"Input_Use","D02","DRYBN","LABOR",77.81
"Input_Use","D02","DRYBN","SUPPL",210.91
"Input_Use","D02","FRTOM","LAND",182.70
"Input_Use","D02","FRTOM","WATER",453.44
"Input_Use","D02","FRTOM","LABOR",184.56
"Input_Use","D02","FRTOM","SUPPL",1203.61
"Input_Use","D02","GRAIN","LAND",33895.65
"Input_Use","D02","GRAIN","WATER",52923.80
"Input_Use","D02","GRAIN","LABOR",20.44
"Input_Use","D02","GRAIN","SUPPL",331.75
"Input_Use","D02","ONGAR","LAND",1861.34
"Input_Use","D02","ONGAR","WATER",6783.30
"Input_Use","D02","ONGAR","LABOR",836.70
"Input_Use","D02","ONGAR","SUPPL",2619.50
"Input_Use","D02","OTHDEC","LAND",179.29
"Input_Use","D02","OTHDEC","WATER",818.36
"Input_Use","D02","OTHDEC","LABOR",103.92
"Input_Use","D02","OTHDEC","SUPPL",705.84
"Input_Use","D02","OTHFLD","LAND",8904.95
"Input_Use","D02","OTHFLD","WATER",26904.18
"Input_Use","D02","OTHFLD","LABOR",150.72
"Input_Use","D02","OTHFLD","SUPPL",331.66
"Input_Use","D02","OTHTRK","LAND",9270.24
"Input_Use","D02","OTHTRK","WATER",22590.57
"Input_Use","D02","OTHTRK","LABOR",519.61
"Input_Use","D02","OTHTRK","SUPPL",2818.23
"Input_Use","D02","PASTR","LAND",1065.16
"Input_Use","D02","PASTR","WATER",6004.66
"Input_Use","D02","PASTR","LABOR",20.20
"Input_Use","D02","PASTR","SUPPL",48.94
"Input_Use","D02","POTATO","LAND",1668.36
"Input_Use","D02","POTATO","WATER",3273.15
"Input_Use","D02","POTATO","LABOR",482.96
"Input_Use","D02","POTATO","SUPPL",1947.39
"Input_Use","D02","PRTOM","LAND",1750.23
"Input_Use","D02","PRTOM","WATER",4029.81
"Input_Use","D02","PRTOM","LABOR",334.20
"Input_Use","D02","PRTOM","SUPPL",867.60
"Input_Use","D02","RICE","LAND",0.00
"Input_Use","D02","RICE","WATER",0.00
"Input_Use","D02","RICE","LABOR",0.00
"Input_Use","D02","RICE","SUPPL",0.00
"Input_Use","D02","SAFLR","LAND",683.51
"Input_Use","D02","SAFLR","WATER",1683.12
"Input_Use","D02","SAFLR","LABOR",45.99
"Input_Use","D02","SAFLR","SUPPL",90.70
"Input_Use","D02","SBEET","LAND",0.00
"Input_Use","D02","SBEET","WATER",0.00
"Input_Use","D02","SBEET","LABOR",0.00
"Input_Use","D02","SBEET","SUPPL",0.00
"Input_Use","D02","SUBTRP","LAND",0.00
"Input_Use","D02","SUBTRP","WATER",0.00
"Input_Use","D02","SUBTRP","LABOR",0.00
"Input_Use","D02","SUBTRP","SUPPL",0.00
"Input_Use","D02","VINE","LAND",5037.77
"Input_Use","D02","VINE","WATER",21218.31
"Input_Use","D02","VINE","LABOR",979.19
"Input_Use","D02","VINE","SUPPL",591.70
"Input_Use","D03","ALFAL","LAND",2337.78
"Input_Use","D03","ALFAL","WATER",12206.08
"Input_Use","D03","ALFAL","LABOR",34.48
"Input_Use","D03","ALFAL","SUPPL",431.45
"Input_Use","D03","ALPIS","LAND",14958.29
"Input_Use","D03","ALPIS","WATER",67005.97
"Input_Use","D03","ALPIS","LABOR",403.02
"Input_Use","D03","ALPIS","SUPPL",886.69
"Input_Use","D03","CORN","LAND",407.07
"Input_Use","D03","CORN","WATER",1028.55
"Input_Use","D03","CORN","LABOR",149.65
"Input_Use","D03","CORN","SUPPL",555.29
"Input_Use","D03","COTTN","LAND",3861.16
"Input_Use","D03","COTTN","WATER",13560.10
"Input_Use","D03","COTTN","LABOR",151.88
"Input_Use","D03","COTTN","SUPPL",643.68
"Input_Use","D03","CUCUR","LAND",1813.31
"Input_Use","D03","CUCUR","WATER",5058.67
"Input_Use","D03","CUCUR","LABOR",8043.22
"Input_Use","D03","CUCUR","SUPPL",3850.55
"Input_Use","D03","DRYBN","LAND",136.32
"Input_Use","D03","DRYBN","WATER",295.54
"Input_Use","D03","DRYBN","LABOR",77.23
"Input_Use","D03","DRYBN","SUPPL",209.35
"Input_Use","D03","FRTOM","LAND",655.94
"Input_Use","D03","FRTOM","WATER",1632.36
"Input_Use","D03","FRTOM","LABOR",184.41
"Input_Use","D03","FRTOM","SUPPL",1202.63
"Input_Use","D03","GRAIN","LAND",5343.04
"Input_Use","D03","GRAIN","WATER",8598.58
"Input_Use","D03","GRAIN","LABOR",20.19
"Input_Use","D03","GRAIN","SUPPL",328.11
"Input_Use","D03","ONGAR","LAND",3118.89
"Input_Use","D03","ONGAR","WATER",9888.99
"Input_Use","D03","ONGAR","LABOR",836.06
"Input_Use","D03","ONGAR","SUPPL",2617.48
"Input_Use","D03","OTHDEC","LAND",3138.45
"Input_Use","D03","OTHDEC","WATER",12652.97
"Input_Use","D03","OTHDEC","LABOR",103.86
"Input_Use","D03","OTHDEC","SUPPL",705.42
"Input_Use","D03","OTHFLD","LAND",1306.06
"Input_Use","D03","OTHFLD","WATER",3917.23
"Input_Use","D03","OTHFLD","LABOR",148.62
"Input_Use","D03","OTHFLD","SUPPL",327.14
"Input_Use","D03","OTHTRK","LAND",11979.89
"Input_Use","D03","OTHTRK","WATER",14050.98
"Input_Use","D03","OTHTRK","LABOR",520.21
"Input_Use","D03","OTHTRK","SUPPL",2817.10
"Input_Use","D03","PASTR","LAND",0.00
"Input_Use","D03","PASTR","WATER",0.00
"Input_Use","D03","PASTR","LABOR",0.00
"Input_Use","D03","PASTR","SUPPL",0.00
"Input_Use","D03","POTATO","LAND",2636.95
"Input_Use","D03","POTATO","WATER",6799.00
"Input_Use","D03","POTATO","LABOR",482.34
"Input_Use","D03","POTATO","SUPPL",1944.88
"Input_Use","D03","PRTOM","LAND",2405.38
"Input_Use","D03","PRTOM","WATER",5543.06
"Input_Use","D03","PRTOM","LABOR",333.25
"Input_Use","D03","PRTOM","SUPPL",865.14
"Input_Use","D03","RICE","LAND",0.00
"Input_Use","D03","RICE","WATER",0.00
"Input_Use","D03","RICE","LABOR",0.00
"Input_Use","D03","RICE","SUPPL",0.00
"Input_Use","D03","SAFLR","LAND",166.19
"Input_Use","D03","SAFLR","WATER",386.19
"Input_Use","D03","SAFLR","LABOR",45.09
"Input_Use","D03","SAFLR","SUPPL",88.93
"Input_Use","D03","SBEET","LAND",0.00
"Input_Use","D03","SBEET","WATER",0.00
"Input_Use","D03","SBEET","LABOR",0.00
"Input_Use","D03","SBEET","SUPPL",0.00
"Input_Use","D03","SUBTRP","LAND",20905.15
"Input_Use","D03","SUBTRP","WATER",88686.15
"Input_Use","D03","SUBTRP","LABOR",391.45
"Input_Use","D03","SUBTRP","SUPPL",1014.13
"Input_Use","D03","VINE","LAND",22151.05
"Input_Use","D03","VINE","WATER",83280.87
"Input_Use","D03","VINE","LABOR",978.39
"Input_Use","D03","VINE","SUPPL",597.96
"Input_Use","D04","ALFAL","LAND",146.67
"Input_Use","D04","ALFAL","WATER",742.56
"Input_Use","D04","ALFAL","LABOR",33.95
"Input_Use","D04","ALFAL","SUPPL",424.89
"Input_Use","D04","ALPIS","LAND",0.00
"Input_Use","D04","ALPIS","WATER",0.00
"Input_Use","D04","ALPIS","LABOR",0.00
"Input_Use","D04","ALPIS","SUPPL",0.00
"Input_Use","D04","CORN","LAND",0.00
"Input_Use","D04","CORN","WATER",0.00
"Input_Use","D04","CORN","LABOR",0.00
"Input_Use","D04","CORN","SUPPL",0.00
"Input_Use","D04","COTTN","LAND",0.00
"Input_Use","D04","COTTN","WATER",0.00
"Input_Use","D04","COTTN","LABOR",0.00
"Input_Use","D04","COTTN","SUPPL",0.00
"Input_Use","D04","CUCUR","LAND",0.00
"Input_Use","D04","CUCUR","WATER",0.00
"Input_Use","D04","CUCUR","LABOR",0.00
"Input_Use","D04","CUCUR","SUPPL",0.00
"Input_Use","D04","DRYBN","LAND",0.00
"Input_Use","D04","DRYBN","WATER",0.00
"Input_Use","D04","DRYBN","LABOR",0.00
"Input_Use","D04","DRYBN","SUPPL",0.00
"Input_Use","D04","FRTOM","LAND",0.00
"Input_Use","D04","FRTOM","WATER",0.00
"Input_Use","D04","FRTOM","LABOR",0.00
"Input_Use","D04","FRTOM","SUPPL",0.00
"Input_Use","D04","GRAIN","LAND",0.00
"Input_Use","D04","GRAIN","WATER",0.00
"Input_Use","D04","GRAIN","LABOR",0.00
"Input_Use","D04","GRAIN","SUPPL",0.00
"Input_Use","D04","ONGAR","LAND",71.49
"Input_Use","D04","ONGAR","WATER",245.12
"Input_Use","D04","ONGAR","LABOR",834.84
"Input_Use","D04","ONGAR","SUPPL",2613.68
"Input_Use","D04","OTHDEC","LAND",0.00
"Input_Use","D04","OTHDEC","WATER",0.00
"Input_Use","D04","OTHDEC","LABOR",0.00
"Input_Use","D04","OTHDEC","SUPPL",0.00
"Input_Use","D04","OTHFLD","LAND",0.00
"Input_Use","D04","OTHFLD","WATER",0.00
"Input_Use","D04","OTHFLD","LABOR",0.00
"Input_Use","D04","OTHFLD","SUPPL",0.00
"Input_Use","D04","OTHTRK","LAND",70.90
"Input_Use","D04","OTHTRK","WATER",135.10
"Input_Use","D04","OTHTRK","LABOR",520.64
"Input_Use","D04","OTHTRK","SUPPL",2815.02
"Input_Use","D04","PASTR","LAND",0.00
"Input_Use","D04","PASTR","WATER",0.00
"Input_Use","D04","PASTR","LABOR",0.00
"Input_Use","D04","PASTR","SUPPL",0.00
"Input_Use","D04","POTATO","LAND",0.00
"Input_Use","D04","POTATO","WATER",0.00
"Input_Use","D04","POTATO","LABOR",0.00
"Input_Use","D04","POTATO","SUPPL",0.00
"Input_Use","D04","PRTOM","LAND",0.00
"Input_Use","D04","PRTOM","WATER",0.00
"Input_Use","D04","PRTOM","LABOR",0.00
"Input_Use","D04","PRTOM","SUPPL",0.00
"Input_Use","D04","RICE","LAND",0.00
"Input_Use","D04","RICE","WATER",0.00
"Input_Use","D04","RICE","LABOR",0.00
"Input_Use","D04","RICE","SUPPL",0.00
"Input_Use","D04","SAFLR","LAND",0.00
"Input_Use","D04","SAFLR","WATER",0.00
"Input_Use","D04","SAFLR","LABOR",0.00
"Input_Use","D04","SAFLR","SUPPL",0.00
"Input_Use","D04","SBEET","LAND",0.00
"Input_Use","D04","SBEET","WATER",0.00
"Input_Use","D04","SBEET","LABOR",0.00
"Input_Use","D04","SBEET","SUPPL",0.00
"Input_Use","D04","SUBTRP","LAND",185.00
"Input_Use","D04","SUBTRP","WATER",753.96
"Input_Use","D04","SUBTRP","LABOR",390.77
"Input_Use","D04","SUBTRP","SUPPL",1011.82
"Input_Use","D04","VINE","LAND",0.00
"Input_Use","D04","VINE","WATER",0.00
"Input_Use","D04","VINE","LABOR",0.00
"Input_Use","D04","VINE","SUPPL",0.00
"Input_Use","D01","ALFAL","LAND",0.00
"Input_Use","D01","ALFAL","WATER",0.00
"Input_Use","D01","ALFAL","LABOR",0.00
"Input_Use","D01","ALFAL","SUPPL",0.00
"Input_Use","D01","ALPIS","LAND",0.00
"Input_Use","D01","ALPIS","WATER",0.00
"Input_Use","D01","ALPIS","LABOR",0.00
"Input_Use","D01","ALPIS","SUPPL",0.00
"Input_Use","D01","CORN","LAND",0.00
"Input_Use","D01","CORN","WATER",0.00
"Input_Use","D01","CORN","LABOR",0.00
"Input_Use","D01","CORN","SUPPL",0.00
"Input_Use","D01","COTTN","LAND",0.00
"Input_Use","D01","COTTN","WATER",0.00
"Input_Use","D01","COTTN","LABOR",0.00
"Input_Use","D01","COTTN","SUPPL",0.00
"Input_Use","D01","CUCUR","LAND",0.00
"Input_Use","D01","CUCUR","WATER",0.00
"Input_Use","D01","CUCUR","LABOR",0.00
"Input_Use","D01","CUCUR","SUPPL",0.00
"Input_Use","D01","DRYBN","LAND",0.00
"Input_Use","D01","DRYBN","WATER",0.00
"Input_Use","D01","DRYBN","LABOR",0.00
"Input_Use","D01","DRYBN","SUPPL",0.00
"Input_Use","D01","FRTOM","LAND",0.00
"Input_Use","D01","FRTOM","WATER",0.00
"Input_Use","D01","FRTOM","LABOR",0.00
"Input_Use","D01","FRTOM","SUPPL",0.00
"Input_Use","D01","GRAIN","LAND",0.00
"Input_Use","D01","GRAIN","WATER",0.00
"Input_Use","D01","GRAIN","LABOR",0.00
"Input_Use","D01","GRAIN","SUPPL",0.00
"Input_Use","D01","ONGAR","LAND",0.00
"Input_Use","D01","ONGAR","WATER",0.00
"Input_Use","D01","ONGAR","LABOR",0.00
"Input_Use","D01","ONGAR","SUPPL",0.00
"Input_Use","D01","OTHDEC","LAND",0.00
"Input_Use","D01","OTHDEC","WATER",0.00
"Input_Use","D01","OTHDEC","LABOR",0.00
"Input_Use","D01","OTHDEC","SUPPL",0.00
"Input_Use","D01","OTHFLD","LAND",0.00
"Input_Use","D01","OTHFLD","WATER",0.00
"Input_Use","D01","OTHFLD","LABOR",0.00
"Input_Use","D01","OTHFLD","SUPPL",0.00
"Input_Use","D01","OTHTRK","LAND",0.00
"Input_Use","D01","OTHTRK","WATER",0.00
"Input_Use","D01","OTHTRK","LABOR",0.00
"Input_Use","D01","OTHTRK","SUPPL",0.00
"Input_Use","D01","PASTR","LAND",0.00
"Input_Use","D01","PASTR","WATER",0.00
"Input_Use","D01","PASTR","LABOR",0.00
"Input_Use","D01","PASTR","SUPPL",0.00
"Input_Use","D01","POTATO","LAND",0.00
"Input_Use","D01","POTATO","WATER",0.00
"Input_Use","D01","POTATO","LABOR",0.00
"Input_Use","D01","POTATO","SUPPL",0.00
"Input_Use","D01","PRTOM","LAND",0.00
"Input_Use","D01","PRTOM","WATER",0.00
"Input_Use","D01","PRTOM","LABOR",0.00
"Input_Use","D01","PRTOM","SUPPL",0.00
"Input_Use","D01","RICE","LAND",0.00
"Input_Use","D01","RICE","WATER",0.00
"Input_Use","D01","RICE","LABOR",0.00
"Input_Use","D01","RICE","SUPPL",0.00
"Input_Use","D01","SAFLR","LAND",0.00
"Input_Use","D01","SAFLR","WATER",0.00
"Input_Use","D01","SAFLR","LABOR",0.00
"Input_Use","D01","SAFLR","SUPPL",0.00
"Input_Use","D01","SBEET","LAND",0.00
"Input_Use","D01","SBEET","WATER",0.00
"Input_Use","D01","SBEET","LABOR",0.00
"Input_Use","D01","SBEET","SUPPL",0.00
"Input_Use","D01","SUBTRP","LAND",0.00
"Input_Use","D01","SUBTRP","WATER",0.00
"Input_Use","D01","SUBTRP","LABOR",0.00
"Input_Use","D01","SUBTRP","SUPPL",0.00
"Input_Use","D01","VINE","LAND",0.00
"Input_Use","D01","VINE","WATER",0.00
"Input_Use","D01","VINE","LABOR",0.00
"Input_Use","D01","VINE","SUPPL",0.00
"Input_Use","D05","ALFAL","LAND",0.00
"Input_Use","D05","ALFAL","WATER",0.00
"Input_Use","D05","ALFAL","LABOR",0.00
"Input_Use","D05","ALFAL","SUPPL",0.00
"Input_Use","D05","ALPIS","LAND",18609.65
"Input_Use","D05","ALPIS","WATER",82922.43
"Input_Use","D05","ALPIS","LABOR",403.41
"Input_Use","D05","ALPIS","SUPPL",885.54
"Input_Use","D05","CORN","LAND",0.00
"Input_Use","D05","CORN","WATER",0.00
"Input_Use","D05","CORN","LABOR",0.00
"Input_Use","D05","CORN","SUPPL",0.00
"Input_Use","D05","COTTN","LAND",0.00
"Input_Use","D05","COTTN","WATER",0.00
"Input_Use","D05","COTTN","LABOR",0.00
"Input_Use","D05","COTTN","SUPPL",0.00
"Input_Use","D05","CUCUR","LAND",68.45
"Input_Use","D05","CUCUR","WATER",147.31
"Input_Use","D05","CUCUR","LABOR",8053.47
"Input_Use","D05","CUCUR","SUPPL",3855.46
"Input_Use","D05","DRYBN","LAND",0.00
"Input_Use","D05","DRYBN","WATER",0.00
"Input_Use","D05","DRYBN","LABOR",0.00
"Input_Use","D05","DRYBN","SUPPL",0.00
"Input_Use","D05","FRTOM","LAND",0.00
"Input_Use","D05","FRTOM","WATER",0.00
"Input_Use","D05","FRTOM","LABOR",0.00
"Input_Use","D05","FRTOM","SUPPL",0.00
"Input_Use","D05","GRAIN","LAND",1145.79
"Input_Use","D05","GRAIN","WATER",1738.49
"Input_Use","D05","GRAIN","LABOR",20.41
"Input_Use","D05","GRAIN","SUPPL",331.59
"Input_Use","D05","ONGAR","LAND",0.00
"Input_Use","D05","ONGAR","WATER",0.00
"Input_Use","D05","ONGAR","LABOR",0.00
"Input_Use","D05","ONGAR","SUPPL",0.00
"Input_Use","D05","OTHDEC","LAND",1838.33
"Input_Use","D05","OTHDEC","WATER",7701.70
"Input_Use","D05","OTHDEC","LABOR",103.92
"Input_Use","D05","OTHDEC","SUPPL",705.83
"Input_Use","D05","OTHFLD","LAND",801.18
"Input_Use","D05","OTHFLD","WATER",2448.03
"Input_Use","D05","OTHFLD","LABOR",149.83
"Input_Use","D05","OTHFLD","SUPPL",329.81
"Input_Use","D05","OTHTRK","LAND",2277.38
"Input_Use","D05","OTHTRK","WATER",4347.35
"Input_Use","D05","OTHTRK","LABOR",522.60
"Input_Use","D05","OTHTRK","SUPPL",2821.20
"Input_Use","D05","PASTR","LAND",0.00
"Input_Use","D05","PASTR","WATER",0.00
"Input_Use","D05","PASTR","LABOR",0.00
"Input_Use","D05","PASTR","SUPPL",0.00
"Input_Use","D05","POTATO","LAND",0.00
"Input_Use","D05","POTATO","WATER",0.00
"Input_Use","D05","POTATO","LABOR",0.00
"Input_Use","D05","POTATO","SUPPL",0.00
"Input_Use","D05","PRTOM","LAND",0.00
"Input_Use","D05","PRTOM","WATER",0.00
"Input_Use","D05","PRTOM","LABOR",0.00
"Input_Use","D05","PRTOM","SUPPL",0.00
"Input_Use","D05","RICE","LAND",0.00
"Input_Use","D05","RICE","WATER",0.00
"Input_Use","D05","RICE","LABOR",0.00
"Input_Use","D05","RICE","SUPPL",0.00
"Input_Use","D05","SAFLR","LAND",320.10
"Input_Use","D05","SAFLR","WATER",755.88
"Input_Use","D05","SAFLR","LABOR",45.49
"Input_Use","D05","SAFLR","SUPPL",89.72
"Input_Use","D05","SBEET","LAND",0.00
"Input_Use","D05","SBEET","WATER",0.00
"Input_Use","D05","SBEET","LABOR",0.00
"Input_Use","D05","SBEET","SUPPL",0.00
"Input_Use","D05","SUBTRP","LAND",0.00
"Input_Use","D05","SUBTRP","WATER",0.00
"Input_Use","D05","SUBTRP","LABOR",0.00
"Input_Use","D05","SUBTRP","SUPPL",0.00
"Input_Use","D05","VINE","LAND",249.97
"Input_Use","D05","VINE","WATER",938.43
"Input_Use","D05","VINE","LABOR",979.16
"Input_Use","D05","VINE","SUPPL",591.68
"Input_Use","D06","ALFAL","LAND",22030.52
"Input_Use","D06","ALFAL","WATER",113738.75
"Input_Use","D06","ALFAL","LABOR",34.75
"Input_Use","D06","ALFAL","SUPPL",482.75
"Input_Use","D06","ALPIS","LAND",61219.91
"Input_Use","D06","ALPIS","WATER",277826.64
"Input_Use","D06","ALPIS","LABOR",403.43
"Input_Use","D06","ALPIS","SUPPL",222.21
"Input_Use","D06","CORN","LAND",10999.24
"Input_Use","D06","CORN","WATER",26087.89
"Input_Use","D06","CORN","LABOR",151.01
"Input_Use","D06","CORN","SUPPL",560.33
"Input_Use","D06","COTTN","LAND",7510.45
"Input_Use","D06","COTTN","WATER",26967.59
"Input_Use","D06","COTTN","LABOR",153.00
"Input_Use","D06","COTTN","SUPPL",648.42
"Input_Use","D06","CUCUR","LAND",479.75
"Input_Use","D06","CUCUR","WATER",1032.52
"Input_Use","D06","CUCUR","LABOR",8053.85
"Input_Use","D06","CUCUR","SUPPL",3855.64
"Input_Use","D06","DRYBN","LAND",489.46
"Input_Use","D06","DRYBN","WATER",1118.42
"Input_Use","D06","DRYBN","LABOR",77.79
"Input_Use","D06","DRYBN","SUPPL",210.86
"Input_Use","D06","FRTOM","LAND",0.00
"Input_Use","D06","FRTOM","WATER",0.00
"Input_Use","D06","FRTOM","LABOR",0.00
"Input_Use","D06","FRTOM","SUPPL",0.00
"Input_Use","D06","GRAIN","LAND",19772.90
"Input_Use","D06","GRAIN","WATER",29530.69
"Input_Use","D06","GRAIN","LABOR",20.43
"Input_Use","D06","GRAIN","SUPPL",332.11
"Input_Use","D06","ONGAR","LAND",960.43
"Input_Use","D06","ONGAR","WATER",3450.46
"Input_Use","D06","ONGAR","LABOR",836.69
"Input_Use","D06","ONGAR","SUPPL",2619.47
"Input_Use","D06","OTHDEC","LAND",1478.30
"Input_Use","D06","OTHDEC","WATER",6307.05
"Input_Use","D06","OTHDEC","LABOR",103.92
"Input_Use","D06","OTHDEC","SUPPL",705.83
"Input_Use","D06","OTHFLD","LAND",3935.70
"Input_Use","D06","OTHFLD","WATER",12089.42
"Input_Use","D06","OTHFLD","LABOR",150.63
"Input_Use","D06","OTHFLD","SUPPL",331.56
"Input_Use","D06","OTHTRK","LAND",2734.73
"Input_Use","D06","OTHTRK","WATER",6799.07
"Input_Use","D06","OTHTRK","LABOR",523.60
"Input_Use","D06","OTHTRK","SUPPL",2822.20
"Input_Use","D06","PASTR","LAND",427.68
"Input_Use","D06","PASTR","WATER",2387.10
"Input_Use","D06","PASTR","LABOR",20.20
"Input_Use","D06","PASTR","SUPPL",49.05
"Input_Use","D06","POTATO","LAND",0.00
"Input_Use","D06","POTATO","WATER",0.00
"Input_Use","D06","POTATO","LABOR",0.00
"Input_Use","D06","POTATO","SUPPL",0.00
"Input_Use","D06","PRTOM","LAND",1051.35
"Input_Use","D06","PRTOM","WATER",2422.44
"Input_Use","D06","PRTOM","LABOR",334.18
"Input_Use","D06","PRTOM","SUPPL",867.55
"Input_Use","D06","RICE","LAND",0.00
"Input_Use","D06","RICE","WATER",0.00
"Input_Use","D06","RICE","LABOR",0.00
"Input_Use","D06","RICE","SUPPL",0.00
"Input_Use","D06","SAFLR","LAND",170.01
"Input_Use","D06","SAFLR","WATER",405.60
"Input_Use","D06","SAFLR","LABOR",45.95
"Input_Use","D06","SAFLR","SUPPL",90.62
"Input_Use","D06","SBEET","LAND",0.00
"Input_Use","D06","SBEET","WATER",0.00
"Input_Use","D06","SBEET","LABOR",0.00
"Input_Use","D06","SBEET","SUPPL",0.00
"Input_Use","D06","SUBTRP","LAND",749.15
"Input_Use","D06","SUBTRP","WATER",2687.94
"Input_Use","D06","SUBTRP","LABOR",391.72
"Input_Use","D06","SUBTRP","SUPPL",1014.28
"Input_Use","D06","VINE","LAND",4490.23
"Input_Use","D06","VINE","WATER",16810.61
"Input_Use","D06","VINE","LABOR",979.18
"Input_Use","D06","VINE","SUPPL",591.70
"Input_Use","D07","ALFAL","LAND",5067.05
"Input_Use","D07","ALFAL","WATER",26584.80
"Input_Use","D07","ALFAL","LABOR",34.75
"Input_Use","D07","ALFAL","SUPPL",434.83
"Input_Use","D07","ALPIS","LAND",11176.81
"Input_Use","D07","ALPIS","WATER",56392.77
"Input_Use","D07","ALPIS","LABOR",403.44
"Input_Use","D07","ALPIS","SUPPL",887.99
"Input_Use","D07","CORN","LAND",1061.07
"Input_Use","D07","CORN","WATER",2526.62
"Input_Use","D07","CORN","LABOR",151.09
"Input_Use","D07","CORN","SUPPL",560.64
"Input_Use","D07","COTTN","LAND",1943.26
"Input_Use","D07","COTTN","WATER",6866.11
"Input_Use","D07","COTTN","LABOR",153.13
"Input_Use","D07","COTTN","SUPPL",648.98
"Input_Use","D07","CUCUR","LAND",0.00
"Input_Use","D07","CUCUR","WATER",0.00
"Input_Use","D07","CUCUR","LABOR",0.00
"Input_Use","D07","CUCUR","SUPPL",0.00
"Input_Use","D07","DRYBN","LAND",207.93
"Input_Use","D07","DRYBN","WATER",452.47
"Input_Use","D07","DRYBN","LABOR",77.83
"Input_Use","D07","DRYBN","SUPPL",210.96
"Input_Use","D07","FRTOM","LAND",0.00
"Input_Use","D07","FRTOM","WATER",0.00
"Input_Use","D07","FRTOM","LABOR",0.00
"Input_Use","D07","FRTOM","SUPPL",0.00
"Input_Use","D07","GRAIN","LAND",3578.42
"Input_Use","D07","GRAIN","WATER",5588.70
"Input_Use","D07","GRAIN","LABOR",20.44
"Input_Use","D07","GRAIN","SUPPL",332.20
"Input_Use","D07","ONGAR","LAND",351.30
"Input_Use","D07","ONGAR","WATER",1280.25
"Input_Use","D07","ONGAR","LABOR",836.71
"Input_Use","D07","ONGAR","SUPPL",2619.52
"Input_Use","D07","OTHDEC","LAND",0.00
"Input_Use","D07","OTHDEC","WATER",0.00
"Input_Use","D07","OTHDEC","LABOR",0.00
"Input_Use","D07","OTHDEC","SUPPL",0.00
"Input_Use","D07","OTHFLD","LAND",766.49
"Input_Use","D07","OTHFLD","WATER",2317.16
"Input_Use","D07","OTHFLD","LABOR",150.81
"Input_Use","D07","OTHFLD","SUPPL",331.96
"Input_Use","D07","OTHTRK","LAND",1576.78
"Input_Use","D07","OTHTRK","WATER",3842.45
"Input_Use","D07","OTHTRK","LABOR",524.61
"Input_Use","D07","OTHTRK","SUPPL",2823.24
"Input_Use","D07","PASTR","LAND",103.70
"Input_Use","D07","PASTR","WATER",584.62
"Input_Use","D07","PASTR","LABOR",20.20
"Input_Use","D07","PASTR","SUPPL",49.06
"Input_Use","D07","POTATO","LAND",1802.31
"Input_Use","D07","POTATO","WATER",3535.97
"Input_Use","D07","POTATO","LABOR",482.97
"Input_Use","D07","POTATO","SUPPL",1947.41
"Input_Use","D07","PRTOM","LAND",74.50
"Input_Use","D07","PRTOM","WATER",171.54
"Input_Use","D07","PRTOM","LABOR",334.20
"Input_Use","D07","PRTOM","SUPPL",867.62
"Input_Use","D07","RICE","LAND",0.00
"Input_Use","D07","RICE","WATER",0.00
"Input_Use","D07","RICE","LABOR",0.00
"Input_Use","D07","RICE","SUPPL",0.00
"Input_Use","D07","SAFLR","LAND",0.00
"Input_Use","D07","SAFLR","WATER",0.00
"Input_Use","D07","SAFLR","LABOR",0.00
"Input_Use","D07","SAFLR","SUPPL",0.00
"Input_Use","D07","SBEET","LAND",0.00
"Input_Use","D07","SBEET","WATER",0.00
"Input_Use","D07","SBEET","LABOR",0.00
"Input_Use","D07","SBEET","SUPPL",0.00
"Input_Use","D07","SUBTRP","LAND",0.00
"Input_Use","D07","SUBTRP","WATER",0.00
"Input_Use","D07","SUBTRP","LABOR",0.00
"Input_Use","D07","SUBTRP","SUPPL",0.00
"Input_Use","D07","VINE","LAND",327.10
"Input_Use","D07","VINE","WATER",1377.72
"Input_Use","D07","VINE","LABOR",979.20
"Input_Use","D07","VINE","SUPPL",591.71
"Input_Use","D08","ALFAL","LAND",7154.83
"Input_Use","D08","ALFAL","WATER",36618.62
"Input_Use","D08","ALFAL","LABOR",34.32
"Input_Use","D08","ALFAL","SUPPL",429.44
"Input_Use","D08","ALPIS","LAND",3928.04
"Input_Use","D08","ALPIS","WATER",18121.80
"Input_Use","D08","ALPIS","LABOR",402.48
"Input_Use","D08","ALPIS","SUPPL",885.89
"Input_Use","D08","CORN","LAND",1208.66
"Input_Use","D08","CORN","WATER",2880.05
"Input_Use","D08","CORN","LABOR",148.40
"Input_Use","D08","CORN","SUPPL",550.63
"Input_Use","D08","COTTN","LAND",14824.93
"Input_Use","D08","COTTN","WATER",53556.31
"Input_Use","D08","COTTN","LABOR",150.95
"Input_Use","D08","COTTN","SUPPL",639.84
"Input_Use","D08","CUCUR","LAND",179.15
"Input_Use","D08","CUCUR","WATER",391.70
"Input_Use","D08","CUCUR","LABOR",8029.08
"Input_Use","D08","CUCUR","SUPPL",3843.78
"Input_Use","D08","DRYBN","LAND",0.00
"Input_Use","D08","DRYBN","WATER",0.00
"Input_Use","D08","DRYBN","LABOR",0.00
"Input_Use","D08","DRYBN","SUPPL",0.00
"Input_Use","D08","FRTOM","LAND",0.00
"Input_Use","D08","FRTOM","WATER",0.00
"Input_Use","D08","FRTOM","LABOR",0.00
"Input_Use","D08","FRTOM","SUPPL",0.00
"Input_Use","D08","GRAIN","LAND",4650.03
"Input_Use","D08","GRAIN","WATER",6952.72
"Input_Use","D08","GRAIN","LABOR",19.95
"Input_Use","D08","GRAIN","SUPPL",324.16
"Input_Use","D08","ONGAR","LAND",1008.10
"Input_Use","D08","ONGAR","WATER",3684.28
"Input_Use","D08","ONGAR","LABOR",835.25
"Input_Use","D08","ONGAR","SUPPL",2614.94
"Input_Use","D08","OTHDEC","LAND",2005.65
"Input_Use","D08","OTHDEC","WATER",8707.46
"Input_Use","D08","OTHDEC","LABOR",103.78
"Input_Use","D08","OTHDEC","SUPPL",704.86
"Input_Use","D08","OTHFLD","LAND",467.54
"Input_Use","D08","OTHFLD","WATER",1440.01
"Input_Use","D08","OTHFLD","LABOR",146.62
"Input_Use","D08","OTHFLD","SUPPL",322.73
"Input_Use","D08","OTHTRK","LAND",0.00
"Input_Use","D08","OTHTRK","WATER",0.00
"Input_Use","D08","OTHTRK","LABOR",0.00
"Input_Use","D08","OTHTRK","SUPPL",0.00
"Input_Use","D08","PASTR","LAND",0.00
"Input_Use","D08","PASTR","WATER",0.00
"Input_Use","D08","PASTR","LABOR",0.00
"Input_Use","D08","PASTR","SUPPL",0.00
"Input_Use","D08","POTATO","LAND",0.00
"Input_Use","D08","POTATO","WATER",0.00
"Input_Use","D08","POTATO","LABOR",0.00
"Input_Use","D08","POTATO","SUPPL",0.00
"Input_Use","D08","PRTOM","LAND",860.32
"Input_Use","D08","PRTOM","WATER",2008.79
"Input_Use","D08","PRTOM","LABOR",332.16
"Input_Use","D08","PRTOM","SUPPL",862.31
"Input_Use","D08","RICE","LAND",0.00
"Input_Use","D08","RICE","WATER",0.00
"Input_Use","D08","RICE","LABOR",0.00
"Input_Use","D08","RICE","SUPPL",0.00
"Input_Use","D08","SAFLR","LAND",0.00
"Input_Use","D08","SAFLR","WATER",0.00
"Input_Use","D08","SAFLR","LABOR",0.00
"Input_Use","D08","SAFLR","SUPPL",0.00
"Input_Use","D08","SBEET","LAND",0.00
"Input_Use","D08","SBEET","WATER",0.00
"Input_Use","D08","SBEET","LABOR",0.00
"Input_Use","D08","SBEET","SUPPL",0.00
"Input_Use","D08","SUBTRP","LAND",77.91
"Input_Use","D08","SUBTRP","WATER",284.32
"Input_Use","D08","SUBTRP","LABOR",390.98
"Input_Use","D08","SUBTRP","SUPPL",1012.35
"Input_Use","D08","VINE","LAND",485.41
"Input_Use","D08","VINE","WATER",1848.36
"Input_Use","D08","VINE","LABOR",977.34
"Input_Use","D08","VINE","SUPPL",590.58
"Input_Use","D09","ALFAL","LAND",0.00
"Input_Use","D09","ALFAL","WATER",0.00
"Input_Use","D09","ALFAL","LABOR",0.00
"Input_Use","D09","ALFAL","SUPPL",0.00
"Input_Use","D09","ALPIS","LAND",10613.27
"Input_Use","D09","ALPIS","WATER",48739.73
"Input_Use","D09","ALPIS","LABOR",403.82
"Input_Use","D09","ALPIS","SUPPL",888.89
"Input_Use","D09","CORN","LAND",0.00
"Input_Use","D09","CORN","WATER",0.00
"Input_Use","D09","CORN","LABOR",0.00
"Input_Use","D09","CORN","SUPPL",0.00
"Input_Use","D09","COTTN","LAND",0.00
"Input_Use","D09","COTTN","WATER",0.00
"Input_Use","D09","COTTN","LABOR",0.00
"Input_Use","D09","COTTN","SUPPL",0.00
"Input_Use","D09","CUCUR","LAND",260.00
"Input_Use","D09","CUCUR","WATER",640.31
"Input_Use","D09","CUCUR","LABOR",8062.65
"Input_Use","D09","CUCUR","SUPPL",3859.85
"Input_Use","D09","DRYBN","LAND",0.00
"Input_Use","D09","DRYBN","WATER",0.00
"Input_Use","D09","DRYBN","LABOR",0.00
"Input_Use","D09","DRYBN","SUPPL",0.00
"Input_Use","D09","FRTOM","LAND",0.00
"Input_Use","D09","FRTOM","WATER",0.00
"Input_Use","D09","FRTOM","LABOR",0.00
"Input_Use","D09","FRTOM","SUPPL",0.00
"Input_Use","D09","GRAIN","LAND",389.43
"Input_Use","D09","GRAIN","WATER",568.43
"Input_Use","D09","GRAIN","LABOR",20.59
"Input_Use","D09","GRAIN","SUPPL",334.58
"Input_Use","D09","ONGAR","LAND",0.00
"Input_Use","D09","ONGAR","WATER",0.00
"Input_Use","D09","ONGAR","LABOR",0.00
"Input_Use","D09","ONGAR","SUPPL",0.00
"Input_Use","D09","OTHDEC","LAND",1270.62
"Input_Use","D09","OTHDEC","WATER",5488.95
"Input_Use","D09","OTHDEC","LABOR",103.98
"Input_Use","D09","OTHDEC","SUPPL",706.22
"Input_Use","D09","OTHFLD","LAND",0.00
"Input_Use","D09","OTHFLD","WATER",0.00
"Input_Use","D09","OTHFLD","LABOR",0.00
"Input_Use","D09","OTHFLD","SUPPL",0.00
"Input_Use","D09","OTHTRK","LAND",237.14
"Input_Use","D09","OTHTRK","WATER",487.28
"Input_Use","D09","OTHTRK","LABOR",526.88
"Input_Use","D09","OTHTRK","SUPPL",2826.72
"Input_Use","D09","PASTR","LAND",0.00
"Input_Use","D09","PASTR","WATER",0.00
"Input_Use","D09","PASTR","LABOR",0.00
"Input_Use","D09","PASTR","SUPPL",0.00
"Input_Use","D09","POTATO","LAND",249.50
"Input_Use","D09","POTATO","WATER",494.50
"Input_Use","D09","POTATO","LABOR",483.44
"Input_Use","D09","POTATO","SUPPL",1949.30
"Input_Use","D09","PRTOM","LAND",0.00
"Input_Use","D09","PRTOM","WATER",0.00
"Input_Use","D09","PRTOM","LABOR",0.00
"Input_Use","D09","PRTOM","SUPPL",0.00
"Input_Use","D09","RICE","LAND",0.00
"Input_Use","D09","RICE","WATER",0.00
"Input_Use","D09","RICE","LABOR",0.00
"Input_Use","D09","RICE","SUPPL",0.00
"Input_Use","D09","SAFLR","LAND",0.00
"Input_Use","D09","SAFLR","WATER",0.00
"Input_Use","D09","SAFLR","LABOR",0.00
"Input_Use","D09","SAFLR","SUPPL",0.00
"Input_Use","D09","SBEET","LAND",0.00
"Input_Use","D09","SBEET","WATER",0.00
"Input_Use","D09","SBEET","LABOR",0.00
"Input_Use","D09","SBEET","SUPPL",0.00
"Input_Use","D09","SUBTRP","LAND",9980.81
"Input_Use","D09","SUBTRP","WATER",41503.56
"Input_Use","D09","SUBTRP","LABOR",392.00
"Input_Use","D09","SUBTRP","SUPPL",1014.97
"Input_Use","D09","VINE","LAND",9877.74
"Input_Use","D09","VINE","WATER",37034.39
"Input_Use","D09","VINE","LABOR",979.88
"Input_Use","D09","VINE","SUPPL",592.13
"Input_Use","D10","ALFAL","LAND",0.00
"Input_Use","D10","ALFAL","WATER",0.00
"Input_Use","D10","ALFAL","LABOR",0.00
"Input_Use","D10","ALFAL","SUPPL",0.00
"Input_Use","D10","ALPIS","LAND",0.00
"Input_Use","D10","ALPIS","WATER",0.00
"Input_Use","D10","ALPIS","LABOR",0.00
"Input_Use","D10","ALPIS","SUPPL",0.00
"Input_Use","D10","CORN","LAND",0.00
"Input_Use","D10","CORN","WATER",0.00
"Input_Use","D10","CORN","LABOR",0.00
"Input_Use","D10","CORN","SUPPL",0.00
"Input_Use","D10","COTTN","LAND",11554.94
"Input_Use","D10","COTTN","WATER",41073.74
"Input_Use","D10","COTTN","LABOR",154.06
"Input_Use","D10","COTTN","SUPPL",652.83
"Input_Use","D10","CUCUR","LAND",0.00
"Input_Use","D10","CUCUR","WATER",0.00
"Input_Use","D10","CUCUR","LABOR",0.00
"Input_Use","D10","CUCUR","SUPPL",0.00
"Input_Use","D10","DRYBN","LAND",281.00
"Input_Use","D10","DRYBN","WATER",614.71
"Input_Use","D10","DRYBN","LABOR",78.24
"Input_Use","D10","DRYBN","SUPPL",212.07
"Input_Use","D10","FRTOM","LAND",0.00
"Input_Use","D10","FRTOM","WATER",0.00
"Input_Use","D10","FRTOM","LABOR",0.00
"Input_Use","D10","FRTOM","SUPPL",0.00
"Input_Use","D10","GRAIN","LAND",665.98
"Input_Use","D10","GRAIN","WATER",1047.54
"Input_Use","D10","GRAIN","LABOR",20.59
"Input_Use","D10","GRAIN","SUPPL",334.58
"Input_Use","D10","ONGAR","LAND",596.95
"Input_Use","D10","ONGAR","WATER",2176.86
"Input_Use","D10","ONGAR","LABOR",837.24
"Input_Use","D10","ONGAR","SUPPL",2621.16
"Input_Use","D10","OTHDEC","LAND",0.00
"Input_Use","D10","OTHDEC","WATER",0.00
"Input_Use","D10","OTHDEC","LABOR",0.00
"Input_Use","D10","OTHDEC","SUPPL",0.00
"Input_Use","D10","OTHFLD","LAND",0.00
"Input_Use","D10","OTHFLD","WATER",0.00
"Input_Use","D10","OTHFLD","LABOR",0.00
"Input_Use","D10","OTHFLD","SUPPL",0.00
"Input_Use","D10","OTHTRK","LAND",0.00
"Input_Use","D10","OTHTRK","WATER",0.00
"Input_Use","D10","OTHTRK","LABOR",0.00
"Input_Use","D10","OTHTRK","SUPPL",0.00
"Input_Use","D10","PASTR","LAND",0.00
"Input_Use","D10","PASTR","WATER",0.00
"Input_Use","D10","PASTR","LABOR",0.00
"Input_Use","D10","PASTR","SUPPL",0.00
"Input_Use","D10","POTATO","LAND",0.00
"Input_Use","D10","POTATO","WATER",0.00
"Input_Use","D10","POTATO","LABOR",0.00
"Input_Use","D10","POTATO","SUPPL",0.00
"Input_Use","D10","PRTOM","LAND",3536.81
"Input_Use","D10","PRTOM","WATER",8160.15
"Input_Use","D10","PRTOM","LABOR",334.89
"Input_Use","D10","PRTOM","SUPPL",869.39
"Input_Use","D10","RICE","LAND",0.00
"Input_Use","D10","RICE","WATER",0.00
"Input_Use","D10","RICE","LABOR",0.00
"Input_Use","D10","RICE","SUPPL",0.00
"Input_Use","D10","SAFLR","LAND",1103.93
"Input_Use","D10","SAFLR","WATER",2753.29
"Input_Use","D10","SAFLR","LABOR",46.58
"Input_Use","D10","SAFLR","SUPPL",91.86
"Input_Use","D10","SBEET","LAND",0.00
"Input_Use","D10","SBEET","WATER",0.00
"Input_Use","D10","SBEET","LABOR",0.00
"Input_Use","D10","SBEET","SUPPL",0.00
"Input_Use","D10","SUBTRP","LAND",0.00
"Input_Use","D10","SUBTRP","WATER",0.00
"Input_Use","D10","SUBTRP","LABOR",0.00
"Input_Use","D10","SUBTRP","SUPPL",0.00
"Input_Use","D10","VINE","LAND",0.00
"Input_Use","D10","VINE","WATER",0.00
"Input_Use","D10","VINE","LABOR",0.00
"Input_Use","D10","VINE","SUPPL",0.00
"Input_Use","D11","ALFAL","LAND",61.10
"Input_Use","D11","ALFAL","WATER",316.53
"Input_Use","D11","ALFAL","LABOR",34.74
"Input_Use","D11","ALFAL","SUPPL",434.76
"Input_Use","D11","ALPIS","LAND",16375.92
"Input_Use","D11","ALPIS","WATER",72971.84
"Input_Use","D11","ALPIS","LABOR",403.43
"Input_Use","D11","ALPIS","SUPPL",887.53
"Input_Use","D11","CORN","LAND",0.00
"Input_Use","D11","CORN","WATER",0.00
"Input_Use","D11","CORN","LABOR",0.00
"Input_Use","D11","CORN","SUPPL",0.00
"Input_Use","D11","COTTN","LAND",0.00
"Input_Use","D11","COTTN","WATER",0.00
"Input_Use","D11","COTTN","LABOR",0.00
"Input_Use","D11","COTTN","SUPPL",0.00
"Input_Use","D11","CUCUR","LAND",0.00
"Input_Use","D11","CUCUR","WATER",0.00
"Input_Use","D11","CUCUR","LABOR",0.00
"Input_Use","D11","CUCUR","SUPPL",0.00
"Input_Use","D11","DRYBN","LAND",0.00
"Input_Use","D11","DRYBN","WATER",0.00
"Input_Use","D11","DRYBN","LABOR",0.00
"Input_Use","D11","DRYBN","SUPPL",0.00
"Input_Use","D11","FRTOM","LAND",0.00
"Input_Use","D11","FRTOM","WATER",0.00
"Input_Use","D11","FRTOM","LABOR",0.00
"Input_Use","D11","FRTOM","SUPPL",0.00
"Input_Use","D11","GRAIN","LAND",1410.78
"Input_Use","D11","GRAIN","WATER",2142.87
"Input_Use","D11","GRAIN","LABOR",20.43
"Input_Use","D11","GRAIN","SUPPL",331.96
"Input_Use","D11","ONGAR","LAND",0.00
"Input_Use","D11","ONGAR","WATER",0.00
"Input_Use","D11","ONGAR","LABOR",0.00
"Input_Use","D11","ONGAR","SUPPL",0.00
"Input_Use","D11","OTHDEC","LAND",9232.07
"Input_Use","D11","OTHDEC","WATER",38678.22
"Input_Use","D11","OTHDEC","LABOR",103.92
"Input_Use","D11","OTHDEC","SUPPL",705.78
"Input_Use","D11","OTHFLD","LAND",0.00
"Input_Use","D11","OTHFLD","WATER",0.00
"Input_Use","D11","OTHFLD","LABOR",0.00
"Input_Use","D11","OTHFLD","SUPPL",0.00
"Input_Use","D11","OTHTRK","LAND",0.00
"Input_Use","D11","OTHTRK","WATER",0.00
"Input_Use","D11","OTHTRK","LABOR",0.00
"Input_Use","D11","OTHTRK","SUPPL",0.00
"Input_Use","D11","PASTR","LAND",188.38
"Input_Use","D11","PASTR","WATER",1051.44
"Input_Use","D11","PASTR","LABOR",20.20
"Input_Use","D11","PASTR","SUPPL",49.04
"Input_Use","D11","POTATO","LAND",0.00
"Input_Use","D11","POTATO","WATER",0.00
"Input_Use","D11","POTATO","LABOR",0.00
"Input_Use","D11","POTATO","SUPPL",0.00
"Input_Use","D11","PRTOM","LAND",0.00
"Input_Use","D11","PRTOM","WATER",0.00
"Input_Use","D11","PRTOM","LABOR",0.00
"Input_Use","D11","PRTOM","SUPPL",0.00
"Input_Use","D11","RICE","LAND",0.00
"Input_Use","D11","RICE","WATER",0.00
"Input_Use","D11","RICE","LABOR",0.00
"Input_Use","D11","RICE","SUPPL",0.00
"Input_Use","D11","SAFLR","LAND",215.05
"Input_Use","D11","SAFLR","WATER",512.51
"Input_Use","D11","SAFLR","LABOR",45.90
"Input_Use","D11","SAFLR","SUPPL",90.52
"Input_Use","D11","SBEET","LAND",0.00
"Input_Use","D11","SBEET","WATER",0.00
"Input_Use","D11","SBEET","LABOR",0.00
"Input_Use","D11","SBEET","SUPPL",0.00
"Input_Use","D11","SUBTRP","LAND",0.00
"Input_Use","D11","SUBTRP","WATER",0.00
"Input_Use","D11","SUBTRP","LABOR",0.00
"Input_Use","D11","SUBTRP","SUPPL",0.00
"Input_Use","D11","VINE","LAND",547.43
"Input_Use","D11","VINE","WATER",2055.15
"Input_Use","D11","VINE","LABOR",979.17
"Input_Use","D11","VINE","SUPPL",591.69
"Input_Use","fk13","ALFAL","LAND",10187.64
"Input_Use","fk13","ALFAL","WATER",53009.28
"Input_Use","fk13","ALFAL","LABOR",34.74
"Input_Use","fk13","ALFAL","SUPPL",435.25
"Input_Use","fk13","ALPIS","LAND",7451.25
"Input_Use","fk13","ALPIS","WATER",33826.39
"Input_Use","fk13","ALPIS","LABOR",403.43
"Input_Use","fk13","ALPIS","SUPPL",887.98
"Input_Use","fk13","CORN","LAND",21759.13
"Input_Use","fk13","CORN","WATER",56162.97
"Input_Use","fk13","CORN","LABOR",151.12
"Input_Use","fk13","CORN","SUPPL",561.01
"Input_Use","fk13","COTTN","LAND",0.00
"Input_Use","fk13","COTTN","WATER",0.00
"Input_Use","fk13","COTTN","LABOR",0.00
"Input_Use","fk13","COTTN","SUPPL",0.00
"Input_Use","fk13","CUCUR","LAND",0.00
"Input_Use","fk13","CUCUR","WATER",0.00
"Input_Use","fk13","CUCUR","LABOR",0.00
"Input_Use","fk13","CUCUR","SUPPL",0.00
"Input_Use","fk13","DRYBN","LAND",2903.85
"Input_Use","fk13","DRYBN","WATER",6815.84
"Input_Use","fk13","DRYBN","LABOR",77.83
"Input_Use","fk13","DRYBN","SUPPL",210.97
"Input_Use","fk13","FRTOM","LAND",0.00
"Input_Use","fk13","FRTOM","WATER",0.00
"Input_Use","fk13","FRTOM","LABOR",0.00
"Input_Use","fk13","FRTOM","SUPPL",0.00
"Input_Use","fk13","GRAIN","LAND",0.00
"Input_Use","fk13","GRAIN","WATER",0.00
"Input_Use","fk13","GRAIN","LABOR",0.00
"Input_Use","fk13","GRAIN","SUPPL",0.00
"Input_Use","fk13","ONGAR","LAND",0.00
"Input_Use","fk13","ONGAR","WATER",0.00
"Input_Use","fk13","ONGAR","LABOR",0.00
"Input_Use","fk13","ONGAR","SUPPL",0.00
"Input_Use","fk13","OTHDEC","LAND",4593.79
"Input_Use","fk13","OTHDEC","WATER",20747.44
"Input_Use","fk13","OTHDEC","LABOR",103.92
"Input_Use","fk13","OTHDEC","SUPPL",705.83
"Input_Use","fk13","OTHFLD","LAND",0.00
"Input_Use","fk13","OTHFLD","WATER",0.00
"Input_Use","fk13","OTHFLD","LABOR",0.00
"Input_Use","fk13","OTHFLD","SUPPL",0.00
"Input_Use","fk13","OTHTRK","LAND",148.47
"Input_Use","fk13","OTHTRK","WATER",151.08
"Input_Use","fk13","OTHTRK","LABOR",529.59
"Input_Use","fk13","OTHTRK","SUPPL",2828.17
"Input_Use","fk13","PASTR","LAND",78.88
"Input_Use","fk13","PASTR","WATER",429.66
"Input_Use","fk13","PASTR","LABOR",20.19
"Input_Use","fk13","PASTR","SUPPL",49.03
"Input_Use","fk13","POTATO","LAND",0.00
"Input_Use","fk13","POTATO","WATER",0.00
"Input_Use","fk13","POTATO","LABOR",0.00
"Input_Use","fk13","POTATO","SUPPL",0.00
"Input_Use","fk13","PRTOM","LAND",0.00
"Input_Use","fk13","PRTOM","WATER",0.00
"Input_Use","fk13","PRTOM","LABOR",0.00
"Input_Use","fk13","PRTOM","SUPPL",0.00
"Input_Use","fk13","RICE","LAND",0.00
"Input_Use","fk13","RICE","WATER",0.00
"Input_Use","fk13","RICE","LABOR",0.00
"Input_Use","fk13","RICE","SUPPL",0.00
"Input_Use","fk13","SAFLR","LAND",0.00
"Input_Use","fk13","SAFLR","WATER",0.00
"Input_Use","fk13","SAFLR","LABOR",0.00
"Input_Use","fk13","SAFLR","SUPPL",0.00
"Input_Use","fk13","SBEET","LAND",0.00
"Input_Use","fk13","SBEET","WATER",0.00
"Input_Use","fk13","SBEET","LABOR",0.00
"Input_Use","fk13","SBEET","SUPPL",0.00
"Input_Use","fk13","SUBTRP","LAND",65.77
"Input_Use","fk13","SUBTRP","WATER",260.55
"Input_Use","fk13","SUBTRP","LABOR",391.72
"Input_Use","fk13","SUBTRP","SUPPL",1014.28
"Input_Use","fk13","VINE","LAND",707.22
"Input_Use","fk13","VINE","WATER",2911.83
"Input_Use","fk13","VINE","LABOR",979.17
"Input_Use","fk13","VINE","SUPPL",591.69
"Input_Use","fk08","ALFAL","LAND",533.06
"Input_Use","fk08","ALFAL","WATER",2736.41
"Input_Use","fk08","ALFAL","LABOR",34.26
"Input_Use","fk08","ALFAL","SUPPL",428.66
"Input_Use","fk08","ALPIS","LAND",5068.92
"Input_Use","fk08","ALPIS","WATER",23089.47
"Input_Use","fk08","ALPIS","LABOR",402.42
"Input_Use","fk08","ALPIS","SUPPL",885.75
"Input_Use","fk08","CORN","LAND",2447.57
"Input_Use","fk08","CORN","WATER",6250.72
"Input_Use","fk08","CORN","LABOR",148.44
"Input_Use","fk08","CORN","SUPPL",550.80
"Input_Use","fk08","COTTN","LAND",0.00
"Input_Use","fk08","COTTN","WATER",0.00
"Input_Use","fk08","COTTN","LABOR",0.00
"Input_Use","fk08","COTTN","SUPPL",0.00
"Input_Use","fk08","CUCUR","LAND",0.00
"Input_Use","fk08","CUCUR","WATER",0.00
"Input_Use","fk08","CUCUR","LABOR",0.00
"Input_Use","fk08","CUCUR","SUPPL",0.00
"Input_Use","fk08","DRYBN","LAND",0.00
"Input_Use","fk08","DRYBN","WATER",0.00
"Input_Use","fk08","DRYBN","LABOR",0.00
"Input_Use","fk08","DRYBN","SUPPL",0.00
"Input_Use","fk08","FRTOM","LAND",0.00
"Input_Use","fk08","FRTOM","WATER",0.00
"Input_Use","fk08","FRTOM","LABOR",0.00
"Input_Use","fk08","FRTOM","SUPPL",0.00
"Input_Use","fk08","GRAIN","LAND",85.48
"Input_Use","fk08","GRAIN","WATER",120.78
"Input_Use","fk08","GRAIN","LABOR",19.98
"Input_Use","fk08","GRAIN","SUPPL",324.63
"Input_Use","fk08","ONGAR","LAND",0.00
"Input_Use","fk08","ONGAR","WATER",0.00
"Input_Use","fk08","ONGAR","LABOR",0.00
"Input_Use","fk08","ONGAR","SUPPL",0.00
"Input_Use","fk08","OTHDEC","LAND",2278.25
"Input_Use","fk08","OTHDEC","WATER",10335.74
"Input_Use","fk08","OTHDEC","LABOR",103.77
"Input_Use","fk08","OTHDEC","SUPPL",704.82
"Input_Use","fk08","OTHFLD","LAND",0.00
"Input_Use","fk08","OTHFLD","WATER",0.00
"Input_Use","fk08","OTHFLD","LABOR",0.00
"Input_Use","fk08","OTHFLD","SUPPL",0.00
"Input_Use","fk08","OTHTRK","LAND",0.00
"Input_Use","fk08","OTHTRK","WATER",0.00
"Input_Use","fk08","OTHTRK","LABOR",0.00
"Input_Use","fk08","OTHTRK","SUPPL",0.00
"Input_Use","fk08","PASTR","LAND",0.00
"Input_Use","fk08","PASTR","WATER",0.00
"Input_Use","fk08","PASTR","LABOR",0.00
"Input_Use","fk08","PASTR","SUPPL",0.00
"Input_Use","fk08","POTATO","LAND",0.00
"Input_Use","fk08","POTATO","WATER",0.00
"Input_Use","fk08","POTATO","LABOR",0.00
"Input_Use","fk08","POTATO","SUPPL",0.00
"Input_Use","fk08","PRTOM","LAND",0.00
"Input_Use","fk08","PRTOM","WATER",0.00
"Input_Use","fk08","PRTOM","LABOR",0.00
"Input_Use","fk08","PRTOM","SUPPL",0.00
"Input_Use","fk08","RICE","LAND",0.00
"Input_Use","fk08","RICE","WATER",0.00
"Input_Use","fk08","RICE","LABOR",0.00
"Input_Use","fk08","RICE","SUPPL",0.00
"Input_Use","fk08","SAFLR","LAND",0.00
"Input_Use","fk08","SAFLR","WATER",0.00
"Input_Use","fk08","SAFLR","LABOR",0.00
"Input_Use","fk08","SAFLR","SUPPL",0.00
"Input_Use","fk08","SBEET","LAND",0.00
"Input_Use","fk08","SBEET","WATER",0.00
"Input_Use","fk08","SBEET","LABOR",0.00
"Input_Use","fk08","SBEET","SUPPL",0.00
"Input_Use","fk08","SUBTRP","LAND",570.60
"Input_Use","fk08","SUBTRP","WATER",2269.42
"Input_Use","fk08","SUBTRP","LABOR",390.99
"Input_Use","fk08","SUBTRP","SUPPL",1012.39
"Input_Use","fk08","VINE","LAND",3742.96
"Input_Use","fk08","VINE","WATER",15472.56
"Input_Use","fk08","VINE","LABOR",977.28
"Input_Use","fk08","VINE","SUPPL",590.55
"Input_Use","fk01","ALFAL","LAND",96.24
"Input_Use","fk01","ALFAL","WATER",489.49
"Input_Use","fk01","ALFAL","LABOR",33.97
"Input_Use","fk01","ALFAL","SUPPL",425.11
"Input_Use","fk01","ALPIS","LAND",17333.34
"Input_Use","fk01","ALPIS","WATER",78442.89
"Input_Use","fk01","ALPIS","LABOR",402.18
"Input_Use","fk01","ALPIS","SUPPL",885.12
"Input_Use","fk01","CORN","LAND",126.55
"Input_Use","fk01","CORN","WATER",320.53
"Input_Use","fk01","CORN","LABOR",148.30
"Input_Use","fk01","CORN","SUPPL",550.28
"Input_Use","fk01","COTTN","LAND",0.00
"Input_Use","fk01","COTTN","WATER",0.00
"Input_Use","fk01","COTTN","LABOR",0.00
"Input_Use","fk01","COTTN","SUPPL",0.00
"Input_Use","fk01","CUCUR","LAND",74.26
"Input_Use","fk01","CUCUR","WATER",182.01
"Input_Use","fk01","CUCUR","LABOR",8024.09
"Input_Use","fk01","CUCUR","SUPPL",3841.40
"Input_Use","fk01","DRYBN","LAND",75.81
"Input_Use","fk01","DRYBN","WATER",174.97
"Input_Use","fk01","DRYBN","LABOR",76.54
"Input_Use","fk01","DRYBN","SUPPL",207.46
"Input_Use","fk01","FRTOM","LAND",0.00
"Input_Use","fk01","FRTOM","WATER",0.00
"Input_Use","fk01","FRTOM","LABOR",0.00
"Input_Use","fk01","FRTOM","SUPPL",0.00
"Input_Use","fk01","GRAIN","LAND",0.00
"Input_Use","fk01","GRAIN","WATER",0.00
"Input_Use","fk01","GRAIN","LABOR",0.00
"Input_Use","fk01","GRAIN","SUPPL",0.00
"Input_Use","fk01","ONGAR","LAND",0.00
"Input_Use","fk01","ONGAR","WATER",0.00
"Input_Use","fk01","ONGAR","LABOR",0.00
"Input_Use","fk01","ONGAR","SUPPL",0.00
"Input_Use","fk01","OTHDEC","LAND",799.94
"Input_Use","fk01","OTHDEC","WATER",3606.40
"Input_Use","fk01","OTHDEC","LABOR",103.73
"Input_Use","fk01","OTHDEC","SUPPL",704.57
"Input_Use","fk01","OTHFLD","LAND",0.00
"Input_Use","fk01","OTHFLD","WATER",0.00
"Input_Use","fk01","OTHFLD","LABOR",0.00
"Input_Use","fk01","OTHFLD","SUPPL",0.00
"Input_Use","fk01","OTHTRK","LAND",693.60
"Input_Use","fk01","OTHTRK","WATER",704.50
"Input_Use","fk01","OTHTRK","LABOR",530.64
"Input_Use","fk01","OTHTRK","SUPPL",2825.12
"Input_Use","fk01","PASTR","LAND",0.00
"Input_Use","fk01","PASTR","WATER",0.00
"Input_Use","fk01","PASTR","LABOR",0.00
"Input_Use","fk01","PASTR","SUPPL",0.00
"Input_Use","fk01","POTATO","LAND",0.00
"Input_Use","fk01","POTATO","WATER",0.00
"Input_Use","fk01","POTATO","LABOR",0.00
"Input_Use","fk01","POTATO","SUPPL",0.00
"Input_Use","fk01","PRTOM","LAND",0.00
"Input_Use","fk01","PRTOM","WATER",0.00
"Input_Use","fk01","PRTOM","LABOR",0.00
"Input_Use","fk01","PRTOM","SUPPL",0.00
"Input_Use","fk01","RICE","LAND",0.00
"Input_Use","fk01","RICE","WATER",0.00
"Input_Use","fk01","RICE","LABOR",0.00
"Input_Use","fk01","RICE","SUPPL",0.00
"Input_Use","fk01","SAFLR","LAND",0.00
"Input_Use","fk01","SAFLR","WATER",0.00
"Input_Use","fk01","SAFLR","LABOR",0.00
"Input_Use","fk01","SAFLR","SUPPL",0.00
"Input_Use","fk01","SBEET","LAND",0.00
"Input_Use","fk01","SBEET","WATER",0.00
"Input_Use","fk01","SBEET","LABOR",0.00
"Input_Use","fk01","SBEET","SUPPL",0.00
"Input_Use","fk01","SUBTRP","LAND",493.32
"Input_Use","fk01","SUBTRP","WATER",1949.64
"Input_Use","fk01","SUBTRP","LABOR",390.81
"Input_Use","fk01","SUBTRP","SUPPL",1011.91
"Input_Use","fk01","VINE","LAND",24670.41
"Input_Use","fk01","VINE","WATER",101335.07
"Input_Use","fk01","VINE","LABOR",976.86
"Input_Use","fk01","VINE","SUPPL",594.77
"Input_Use","fk06","ALFAL","LAND",13243.15
"Input_Use","fk06","ALFAL","WATER",68909.41
"Input_Use","fk06","ALFAL","LABOR",34.74
"Input_Use","fk06","ALFAL","SUPPL",436.20
"Input_Use","fk06","ALPIS","LAND",12278.14
"Input_Use","fk06","ALPIS","WATER",55738.38
"Input_Use","fk06","ALPIS","LABOR",403.43
"Input_Use","fk06","ALPIS","SUPPL",887.96
"Input_Use","fk06","CORN","LAND",41159.98
"Input_Use","fk06","CORN","WATER",106207.46
"Input_Use","fk06","CORN","LABOR",151.08
"Input_Use","fk06","CORN","SUPPL",542.67
"Input_Use","fk06","COTTN","LAND",0.00
"Input_Use","fk06","COTTN","WATER",0.00
"Input_Use","fk06","COTTN","LABOR",0.00
"Input_Use","fk06","COTTN","SUPPL",0.00
"Input_Use","fk06","CUCUR","LAND",0.00
"Input_Use","fk06","CUCUR","WATER",0.00
"Input_Use","fk06","CUCUR","LABOR",0.00
"Input_Use","fk06","CUCUR","SUPPL",0.00
"Input_Use","fk06","DRYBN","LAND",236.23
"Input_Use","fk06","DRYBN","WATER",554.36
"Input_Use","fk06","DRYBN","LABOR",77.82
"Input_Use","fk06","DRYBN","SUPPL",210.93
"Input_Use","fk06","FRTOM","LAND",149.02
"Input_Use","fk06","FRTOM","WATER",272.33
"Input_Use","fk06","FRTOM","LABOR",184.56
"Input_Use","fk06","FRTOM","SUPPL",1203.59
"Input_Use","fk06","GRAIN","LAND",285.08
"Input_Use","fk06","GRAIN","WATER",408.25
"Input_Use","fk06","GRAIN","LABOR",20.44
"Input_Use","fk06","GRAIN","SUPPL",332.17
"Input_Use","fk06","ONGAR","LAND",0.00
"Input_Use","fk06","ONGAR","WATER",0.00
"Input_Use","fk06","ONGAR","LABOR",0.00
"Input_Use","fk06","ONGAR","SUPPL",0.00
"Input_Use","fk06","OTHDEC","LAND",4710.15
"Input_Use","fk06","OTHDEC","WATER",21272.91
"Input_Use","fk06","OTHDEC","LABOR",103.92
"Input_Use","fk06","OTHDEC","SUPPL",705.83
"Input_Use","fk06","OTHFLD","LAND",0.00
"Input_Use","fk06","OTHFLD","WATER",0.00
"Input_Use","fk06","OTHFLD","LABOR",0.00
"Input_Use","fk06","OTHFLD","SUPPL",0.00
"Input_Use","fk06","OTHTRK","LAND",739.26
"Input_Use","fk06","OTHTRK","WATER",752.22
"Input_Use","fk06","OTHTRK","LABOR",532.59
"Input_Use","fk06","OTHTRK","SUPPL",2831.17
"Input_Use","fk06","PASTR","LAND",51.02
"Input_Use","fk06","PASTR","WATER",277.89
"Input_Use","fk06","PASTR","LABOR",20.19
"Input_Use","fk06","PASTR","SUPPL",49.03
"Input_Use","fk06","POTATO","LAND",0.00
"Input_Use","fk06","POTATO","WATER",0.00
"Input_Use","fk06","POTATO","LABOR",0.00
"Input_Use","fk06","POTATO","SUPPL",0.00
"Input_Use","fk06","PRTOM","LAND",0.00
"Input_Use","fk06","PRTOM","WATER",0.00
"Input_Use","fk06","PRTOM","LABOR",0.00
"Input_Use","fk06","PRTOM","SUPPL",0.00
"Input_Use","fk06","RICE","LAND",0.00
"Input_Use","fk06","RICE","WATER",0.00
"Input_Use","fk06","RICE","LABOR",0.00
"Input_Use","fk06","RICE","SUPPL",0.00
"Input_Use","fk06","SAFLR","LAND",0.00
"Input_Use","fk06","SAFLR","WATER",0.00
"Input_Use","fk06","SAFLR","LABOR",0.00
"Input_Use","fk06","SAFLR","SUPPL",0.00
"Input_Use","fk06","SBEET","LAND",0.00
"Input_Use","fk06","SBEET","WATER",0.00
"Input_Use","fk06","SBEET","LABOR",0.00
"Input_Use","fk06","SBEET","SUPPL",0.00
"Input_Use","fk06","SUBTRP","LAND",144.30
"Input_Use","fk06","SUBTRP","WATER",571.63
"Input_Use","fk06","SUBTRP","LABOR",391.72
"Input_Use","fk06","SUBTRP","SUPPL",1014.27
"Input_Use","fk06","VINE","LAND",1833.94
"Input_Use","fk06","VINE","WATER",7550.85
"Input_Use","fk06","VINE","LABOR",979.17
"Input_Use","fk06","VINE","SUPPL",591.69
"Input_Use","fk03","ALFAL","LAND",109.56
"Input_Use","fk03","ALFAL","WATER",578.72
"Input_Use","fk03","ALFAL","LABOR",33.97
"Input_Use","fk03","ALFAL","SUPPL",425.06
"Input_Use","fk03","ALPIS","LAND",4322.97
"Input_Use","fk03","ALPIS","WATER",19763.17
"Input_Use","fk03","ALPIS","LABOR",402.00
"Input_Use","fk03","ALPIS","SUPPL",884.82
"Input_Use","fk03","CORN","LAND",0.00
"Input_Use","fk03","CORN","WATER",0.00
"Input_Use","fk03","CORN","LABOR",0.00
"Input_Use","fk03","CORN","SUPPL",0.00
"Input_Use","fk03","COTTN","LAND",0.00
"Input_Use","fk03","COTTN","WATER",0.00
"Input_Use","fk03","COTTN","LABOR",0.00
"Input_Use","fk03","COTTN","SUPPL",0.00
"Input_Use","fk03","CUCUR","LAND",0.00
"Input_Use","fk03","CUCUR","WATER",0.00
"Input_Use","fk03","CUCUR","LABOR",0.00
"Input_Use","fk03","CUCUR","SUPPL",0.00
"Input_Use","fk03","DRYBN","LAND",0.00
"Input_Use","fk03","DRYBN","WATER",0.00
"Input_Use","fk03","DRYBN","LABOR",0.00
"Input_Use","fk03","DRYBN","SUPPL",0.00
"Input_Use","fk03","FRTOM","LAND",0.00
"Input_Use","fk03","FRTOM","WATER",0.00
"Input_Use","fk03","FRTOM","LABOR",0.00
"Input_Use","fk03","FRTOM","SUPPL",0.00
"Input_Use","fk03","GRAIN","LAND",0.00
"Input_Use","fk03","GRAIN","WATER",0.00
"Input_Use","fk03","GRAIN","LABOR",0.00
"Input_Use","fk03","GRAIN","SUPPL",0.00
"Input_Use","fk03","ONGAR","LAND",0.00
"Input_Use","fk03","ONGAR","WATER",0.00
"Input_Use","fk03","ONGAR","LABOR",0.00
"Input_Use","fk03","ONGAR","SUPPL",0.00
"Input_Use","fk03","OTHDEC","LAND",200.98
"Input_Use","fk03","OTHDEC","WATER",866.10
"Input_Use","fk03","OTHDEC","LABOR",103.72
"Input_Use","fk03","OTHDEC","SUPPL",704.49
"Input_Use","fk03","OTHFLD","LAND",0.00
"Input_Use","fk03","OTHFLD","WATER",0.00
"Input_Use","fk03","OTHFLD","LABOR",0.00
"Input_Use","fk03","OTHFLD","SUPPL",0.00
"Input_Use","fk03","OTHTRK","LAND",136.68
"Input_Use","fk03","OTHTRK","WATER",280.19
"Input_Use","fk03","OTHTRK","LABOR",532.61
"Input_Use","fk03","OTHTRK","SUPPL",2826.97
"Input_Use","fk03","PASTR","LAND",0.00
"Input_Use","fk03","PASTR","WATER",0.00
"Input_Use","fk03","PASTR","LABOR",0.00
"Input_Use","fk03","PASTR","SUPPL",0.00
"Input_Use","fk03","POTATO","LAND",0.00
"Input_Use","fk03","POTATO","WATER",0.00
"Input_Use","fk03","POTATO","LABOR",0.00
"Input_Use","fk03","POTATO","SUPPL",0.00
"Input_Use","fk03","PRTOM","LAND",0.00
"Input_Use","fk03","PRTOM","WATER",0.00
"Input_Use","fk03","PRTOM","LABOR",0.00
"Input_Use","fk03","PRTOM","SUPPL",0.00
"Input_Use","fk03","RICE","LAND",0.00
"Input_Use","fk03","RICE","WATER",0.00
"Input_Use","fk03","RICE","LABOR",0.00
"Input_Use","fk03","RICE","SUPPL",0.00
"Input_Use","fk03","SAFLR","LAND",0.00
"Input_Use","fk03","SAFLR","WATER",0.00
"Input_Use","fk03","SAFLR","LABOR",0.00
"Input_Use","fk03","SAFLR","SUPPL",0.00
"Input_Use","fk03","SBEET","LAND",0.00
"Input_Use","fk03","SBEET","WATER",0.00
"Input_Use","fk03","SBEET","LABOR",0.00
"Input_Use","fk03","SBEET","SUPPL",0.00
"Input_Use","fk03","SUBTRP","LAND",180.63
"Input_Use","fk03","SUBTRP","WATER",748.67
"Input_Use","fk03","SUBTRP","LABOR",390.72
"Input_Use","fk03","SUBTRP","SUPPL",1011.70
"Input_Use","fk03","VINE","LAND",5401.92
"Input_Use","fk03","VINE","WATER",20187.24
"Input_Use","fk03","VINE","LABOR",976.68
"Input_Use","fk03","VINE","SUPPL",590.18
"Input_Use","fk05","ALFAL","LAND",0.00
"Input_Use","fk05","ALFAL","WATER",0.00
"Input_Use","fk05","ALFAL","LABOR",0.00
"Input_Use","fk05","ALFAL","SUPPL",0.00
"Input_Use","fk05","ALPIS","LAND",0.00
"Input_Use","fk05","ALPIS","WATER",0.00
"Input_Use","fk05","ALPIS","LABOR",0.00
"Input_Use","fk05","ALPIS","SUPPL",0.00
"Input_Use","fk05","CORN","LAND",0.00
"Input_Use","fk05","CORN","WATER",0.00
"Input_Use","fk05","CORN","LABOR",0.00
"Input_Use","fk05","CORN","SUPPL",0.00
"Input_Use","fk05","COTTN","LAND",0.00
"Input_Use","fk05","COTTN","WATER",0.00
"Input_Use","fk05","COTTN","LABOR",0.00
"Input_Use","fk05","COTTN","SUPPL",0.00
"Input_Use","fk05","CUCUR","LAND",0.00
"Input_Use","fk05","CUCUR","WATER",0.00
"Input_Use","fk05","CUCUR","LABOR",0.00
"Input_Use","fk05","CUCUR","SUPPL",0.00
"Input_Use","fk05","DRYBN","LAND",0.00
"Input_Use","fk05","DRYBN","WATER",0.00
"Input_Use","fk05","DRYBN","LABOR",0.00
"Input_Use","fk05","DRYBN","SUPPL",0.00
"Input_Use","fk05","FRTOM","LAND",0.00
"Input_Use","fk05","FRTOM","WATER",0.00
"Input_Use","fk05","FRTOM","LABOR",0.00
"Input_Use","fk05","FRTOM","SUPPL",0.00
"Input_Use","fk05","GRAIN","LAND",0.00
"Input_Use","fk05","GRAIN","WATER",0.00
"Input_Use","fk05","GRAIN","LABOR",0.00
"Input_Use","fk05","GRAIN","SUPPL",0.00
"Input_Use","fk05","ONGAR","LAND",0.00
"Input_Use","fk05","ONGAR","WATER",0.00
"Input_Use","fk05","ONGAR","LABOR",0.00
"Input_Use","fk05","ONGAR","SUPPL",0.00
"Input_Use","fk05","OTHDEC","LAND",303.31
"Input_Use","fk05","OTHDEC","WATER",1370.62
"Input_Use","fk05","OTHDEC","LABOR",103.98
"Input_Use","fk05","OTHDEC","SUPPL",706.22
"Input_Use","fk05","OTHFLD","LAND",0.00
"Input_Use","fk05","OTHFLD","WATER",0.00
"Input_Use","fk05","OTHFLD","LABOR",0.00
"Input_Use","fk05","OTHFLD","SUPPL",0.00
"Input_Use","fk05","OTHTRK","LAND",0.00
"Input_Use","fk05","OTHTRK","WATER",0.00
"Input_Use","fk05","OTHTRK","LABOR",0.00
"Input_Use","fk05","OTHTRK","SUPPL",0.00
"Input_Use","fk05","PASTR","LAND",0.00
"Input_Use","fk05","PASTR","WATER",0.00
"Input_Use","fk05","PASTR","LABOR",0.00
"Input_Use","fk05","PASTR","SUPPL",0.00
"Input_Use","fk05","POTATO","LAND",0.00
"Input_Use","fk05","POTATO","WATER",0.00
"Input_Use","fk05","POTATO","LABOR",0.00
"Input_Use","fk05","POTATO","SUPPL",0.00
"Input_Use","fk05","PRTOM","LAND",0.00
"Input_Use","fk05","PRTOM","WATER",0.00
"Input_Use","fk05","PRTOM","LABOR",0.00
"Input_Use","fk05","PRTOM","SUPPL",0.00
"Input_Use","fk05","RICE","LAND",0.00
"Input_Use","fk05","RICE","WATER",0.00
"Input_Use","fk05","RICE","LABOR",0.00
"Input_Use","fk05","RICE","SUPPL",0.00
"Input_Use","fk05","SAFLR","LAND",0.00
"Input_Use","fk05","SAFLR","WATER",0.00
"Input_Use","fk05","SAFLR","LABOR",0.00
"Input_Use","fk05","SAFLR","SUPPL",0.00
"Input_Use","fk05","SBEET","LAND",0.00
"Input_Use","fk05","SBEET","WATER",0.00
"Input_Use","fk05","SBEET","LABOR",0.00
"Input_Use","fk05","SBEET","SUPPL",0.00
"Input_Use","fk05","SUBTRP","LAND",999.89
"Input_Use","fk05","SUBTRP","WATER",3963.65
"Input_Use","fk05","SUBTRP","LABOR",392.00
"Input_Use","fk05","SUBTRP","SUPPL",1015.00
"Input_Use","fk05","VINE","LAND",0.00
"Input_Use","fk05","VINE","WATER",0.00
"Input_Use","fk05","VINE","LABOR",0.00
"Input_Use","fk05","VINE","SUPPL",0.00
"Input_Use","fk02","ALFAL","LAND",0.00
"Input_Use","fk02","ALFAL","WATER",0.00
"Input_Use","fk02","ALFAL","LABOR",0.00
"Input_Use","fk02","ALFAL","SUPPL",0.00
"Input_Use","fk02","ALPIS","LAND",66.56
"Input_Use","fk02","ALPIS","WATER",291.72
"Input_Use","fk02","ALPIS","LABOR",389.51
"Input_Use","fk02","ALPIS","SUPPL",857.33
"Input_Use","fk02","CORN","LAND",0.00
"Input_Use","fk02","CORN","WATER",0.00
"Input_Use","fk02","CORN","LABOR",0.00
"Input_Use","fk02","CORN","SUPPL",0.00
"Input_Use","fk02","COTTN","LAND",0.00
"Input_Use","fk02","COTTN","WATER",0.00
"Input_Use","fk02","COTTN","LABOR",0.00
"Input_Use","fk02","COTTN","SUPPL",0.00
"Input_Use","fk02","CUCUR","LAND",0.00
"Input_Use","fk02","CUCUR","WATER",0.00
"Input_Use","fk02","CUCUR","LABOR",0.00
"Input_Use","fk02","CUCUR","SUPPL",0.00
"Input_Use","fk02","DRYBN","LAND",0.00
"Input_Use","fk02","DRYBN","WATER",0.00
"Input_Use","fk02","DRYBN","LABOR",0.00
"Input_Use","fk02","DRYBN","SUPPL",0.00
"Input_Use","fk02","FRTOM","LAND",0.00
"Input_Use","fk02","FRTOM","WATER",0.00
"Input_Use","fk02","FRTOM","LABOR",0.00
"Input_Use","fk02","FRTOM","SUPPL",0.00
"Input_Use","fk02","GRAIN","LAND",0.00
"Input_Use","fk02","GRAIN","WATER",0.00
"Input_Use","fk02","GRAIN","LABOR",0.00
"Input_Use","fk02","GRAIN","SUPPL",0.00
"Input_Use","fk02","ONGAR","LAND",0.00
"Input_Use","fk02","ONGAR","WATER",0.00
"Input_Use","fk02","ONGAR","LABOR",0.00
"Input_Use","fk02","ONGAR","SUPPL",0.00
"Input_Use","fk02","OTHDEC","LAND",383.65
"Input_Use","fk02","OTHDEC","WATER",1696.93
"Input_Use","fk02","OTHDEC","LABOR",101.77
"Input_Use","fk02","OTHDEC","SUPPL",691.25
"Input_Use","fk02","OTHFLD","LAND",0.00
"Input_Use","fk02","OTHFLD","WATER",0.00
"Input_Use","fk02","OTHFLD","LABOR",0.00
"Input_Use","fk02","OTHFLD","SUPPL",0.00
"Input_Use","fk02","OTHTRK","LAND",0.00
"Input_Use","fk02","OTHTRK","WATER",0.00
"Input_Use","fk02","OTHTRK","LABOR",0.00
"Input_Use","fk02","OTHTRK","SUPPL",0.00
"Input_Use","fk02","PASTR","LAND",0.00
"Input_Use","fk02","PASTR","WATER",0.00
"Input_Use","fk02","PASTR","LABOR",0.00
"Input_Use","fk02","PASTR","SUPPL",0.00
"Input_Use","fk02","POTATO","LAND",0.00
"Input_Use","fk02","POTATO","WATER",0.00
"Input_Use","fk02","POTATO","LABOR",0.00
"Input_Use","fk02","POTATO","SUPPL",0.00
"Input_Use","fk02","PRTOM","LAND",0.00
"Input_Use","fk02","PRTOM","WATER",0.00
"Input_Use","fk02","PRTOM","LABOR",0.00
"Input_Use","fk02","PRTOM","SUPPL",0.00
"Input_Use","fk02","RICE","LAND",0.00
"Input_Use","fk02","RICE","WATER",0.00
"Input_Use","fk02","RICE","LABOR",0.00
"Input_Use","fk02","RICE","SUPPL",0.00
"Input_Use","fk02","SAFLR","LAND",0.00
"Input_Use","fk02","SAFLR","WATER",0.00
"Input_Use","fk02","SAFLR","LABOR",0.00
"Input_Use","fk02","SAFLR","SUPPL",0.00
"Input_Use","fk02","SBEET","LAND",0.00
"Input_Use","fk02","SBEET","WATER",0.00
"Input_Use","fk02","SBEET","LABOR",0.00
"Input_Use","fk02","SBEET","SUPPL",0.00
"Input_Use","fk02","SUBTRP","LAND",324.37
"Input_Use","fk02","SUBTRP","WATER",1251.02
"Input_Use","fk02","SUBTRP","LABOR",381.39
"Input_Use","fk02","SUBTRP","SUPPL",987.52
"Input_Use","fk02","VINE","LAND",221.14
"Input_Use","fk02","VINE","WATER",886.09
"Input_Use","fk02","VINE","LABOR",952.92
"Input_Use","fk02","VINE","SUPPL",575.83
"Input_Use","fk04","ALFAL","LAND",685.83
"Input_Use","fk04","ALFAL","WATER",3568.53
"Input_Use","fk04","ALFAL","LABOR",34.74
"Input_Use","fk04","ALFAL","SUPPL",434.68
"Input_Use","fk04","ALPIS","LAND",642.57
"Input_Use","fk04","ALPIS","WATER",2917.08
"Input_Use","fk04","ALPIS","LABOR",403.43
"Input_Use","fk04","ALPIS","SUPPL",887.98
"Input_Use","fk04","CORN","LAND",731.15
"Input_Use","fk04","CORN","WATER",1887.27
"Input_Use","fk04","CORN","LABOR",151.13
"Input_Use","fk04","CORN","SUPPL",560.76
"Input_Use","fk04","COTTN","LAND",0.00
"Input_Use","fk04","COTTN","WATER",0.00
"Input_Use","fk04","COTTN","LABOR",0.00
"Input_Use","fk04","COTTN","SUPPL",0.00
"Input_Use","fk04","CUCUR","LAND",0.00
"Input_Use","fk04","CUCUR","WATER",0.00
"Input_Use","fk04","CUCUR","LABOR",0.00
"Input_Use","fk04","CUCUR","SUPPL",0.00
"Input_Use","fk04","DRYBN","LAND",453.93
"Input_Use","fk04","DRYBN","WATER",1065.49
"Input_Use","fk04","DRYBN","LABOR",77.84
"Input_Use","fk04","DRYBN","SUPPL",210.98
"Input_Use","fk04","FRTOM","LAND",0.00
"Input_Use","fk04","FRTOM","WATER",0.00
"Input_Use","fk04","FRTOM","LABOR",0.00
"Input_Use","fk04","FRTOM","SUPPL",0.00
"Input_Use","fk04","GRAIN","LAND",73.36
"Input_Use","fk04","GRAIN","WATER",105.08
"Input_Use","fk04","GRAIN","LABOR",20.45
"Input_Use","fk04","GRAIN","SUPPL",332.25
"Input_Use","fk04","ONGAR","LAND",0.00
"Input_Use","fk04","ONGAR","WATER",0.00
"Input_Use","fk04","ONGAR","LABOR",0.00
"Input_Use","fk04","ONGAR","SUPPL",0.00
"Input_Use","fk04","OTHDEC","LAND",2216.43
"Input_Use","fk04","OTHDEC","WATER",10010.31
"Input_Use","fk04","OTHDEC","LABOR",103.92
"Input_Use","fk04","OTHDEC","SUPPL",705.83
"Input_Use","fk04","OTHFLD","LAND",0.00
"Input_Use","fk04","OTHFLD","WATER",0.00
"Input_Use","fk04","OTHFLD","LABOR",0.00
"Input_Use","fk04","OTHFLD","SUPPL",0.00
"Input_Use","fk04","OTHTRK","LAND",78.60
"Input_Use","fk04","OTHTRK","WATER",79.98
"Input_Use","fk04","OTHTRK","LABOR",536.59
"Input_Use","fk04","OTHTRK","SUPPL",2835.16
"Input_Use","fk04","PASTR","LAND",80.48
"Input_Use","fk04","PASTR","WATER",438.36
"Input_Use","fk04","PASTR","LABOR",20.19
"Input_Use","fk04","PASTR","SUPPL",49.03
"Input_Use","fk04","POTATO","LAND",0.00
"Input_Use","fk04","POTATO","WATER",0.00
"Input_Use","fk04","POTATO","LABOR",0.00
"Input_Use","fk04","POTATO","SUPPL",0.00
"Input_Use","fk04","PRTOM","LAND",0.00
"Input_Use","fk04","PRTOM","WATER",0.00
"Input_Use","fk04","PRTOM","LABOR",0.00
"Input_Use","fk04","PRTOM","SUPPL",0.00
"Input_Use","fk04","RICE","LAND",0.00
"Input_Use","fk04","RICE","WATER",0.00
"Input_Use","fk04","RICE","LABOR",0.00
"Input_Use","fk04","RICE","SUPPL",0.00
"Input_Use","fk04","SAFLR","LAND",0.00
"Input_Use","fk04","SAFLR","WATER",0.00
"Input_Use","fk04","SAFLR","LABOR",0.00
"Input_Use","fk04","SAFLR","SUPPL",0.00
"Input_Use","fk04","SBEET","LAND",0.00
"Input_Use","fk04","SBEET","WATER",0.00
"Input_Use","fk04","SBEET","LABOR",0.00
"Input_Use","fk04","SBEET","SUPPL",0.00
"Input_Use","fk04","SUBTRP","LAND",3171.05
"Input_Use","fk04","SUBTRP","WATER",12561.45
"Input_Use","fk04","SUBTRP","LABOR",391.72
"Input_Use","fk04","SUBTRP","SUPPL",1014.28
"Input_Use","fk04","VINE","LAND",1039.44
"Input_Use","fk04","VINE","WATER",4279.70
"Input_Use","fk04","VINE","LABOR",979.17
"Input_Use","fk04","VINE","SUPPL",591.69
"Input_Use","fk07","ALFAL","LAND",1389.81
"Input_Use","fk07","ALFAL","WATER",7231.67
"Input_Use","fk07","ALFAL","LABOR",34.74
"Input_Use","fk07","ALFAL","SUPPL",434.69
"Input_Use","fk07","ALPIS","LAND",1513.29
"Input_Use","fk07","ALPIS","WATER",6869.80
"Input_Use","fk07","ALPIS","LABOR",403.43
"Input_Use","fk07","ALPIS","SUPPL",887.97
"Input_Use","fk07","CORN","LAND",1382.42
"Input_Use","fk07","CORN","WATER",3567.35
"Input_Use","fk07","CORN","LABOR",151.08
"Input_Use","fk07","CORN","SUPPL",560.60
"Input_Use","fk07","COTTN","LAND",0.00
"Input_Use","fk07","COTTN","WATER",0.00
"Input_Use","fk07","COTTN","LABOR",0.00
"Input_Use","fk07","COTTN","SUPPL",0.00
"Input_Use","fk07","CUCUR","LAND",0.00
"Input_Use","fk07","CUCUR","WATER",0.00
"Input_Use","fk07","CUCUR","LABOR",0.00
"Input_Use","fk07","CUCUR","SUPPL",0.00
"Input_Use","fk07","DRYBN","LAND",125.31
"Input_Use","fk07","DRYBN","WATER",294.08
"Input_Use","fk07","DRYBN","LABOR",77.82
"Input_Use","fk07","DRYBN","SUPPL",210.94
"Input_Use","fk07","FRTOM","LAND",0.00
"Input_Use","fk07","FRTOM","WATER",0.00
"Input_Use","fk07","FRTOM","LABOR",0.00
"Input_Use","fk07","FRTOM","SUPPL",0.00
"Input_Use","fk07","GRAIN","LAND",208.81
"Input_Use","fk07","GRAIN","WATER",299.04
"Input_Use","fk07","GRAIN","LABOR",20.44
"Input_Use","fk07","GRAIN","SUPPL",332.18
"Input_Use","fk07","ONGAR","LAND",0.00
"Input_Use","fk07","ONGAR","WATER",0.00
"Input_Use","fk07","ONGAR","LABOR",0.00
"Input_Use","fk07","ONGAR","SUPPL",0.00
"Input_Use","fk07","OTHDEC","LAND",4363.62
"Input_Use","fk07","OTHDEC","WATER",19707.81
"Input_Use","fk07","OTHDEC","LABOR",103.92
"Input_Use","fk07","OTHDEC","SUPPL",705.83
"Input_Use","fk07","OTHFLD","LAND",0.00
"Input_Use","fk07","OTHFLD","WATER",0.00
"Input_Use","fk07","OTHFLD","LABOR",0.00
"Input_Use","fk07","OTHFLD","SUPPL",0.00
"Input_Use","fk07","OTHTRK","LAND",225.65
"Input_Use","fk07","OTHTRK","WATER",229.60
"Input_Use","fk07","OTHTRK","LABOR",537.59
"Input_Use","fk07","OTHTRK","SUPPL",2836.16
"Input_Use","fk07","PASTR","LAND",56.36
"Input_Use","fk07","PASTR","WATER",306.99
"Input_Use","fk07","PASTR","LABOR",20.19
"Input_Use","fk07","PASTR","SUPPL",49.03
"Input_Use","fk07","POTATO","LAND",0.00
"Input_Use","fk07","POTATO","WATER",0.00
"Input_Use","fk07","POTATO","LABOR",0.00
"Input_Use","fk07","POTATO","SUPPL",0.00
"Input_Use","fk07","PRTOM","LAND",0.00
"Input_Use","fk07","PRTOM","WATER",0.00
"Input_Use","fk07","PRTOM","LABOR",0.00
"Input_Use","fk07","PRTOM","SUPPL",0.00
"Input_Use","fk07","RICE","LAND",0.00
"Input_Use","fk07","RICE","WATER",0.00
"Input_Use","fk07","RICE","LABOR",0.00
"Input_Use","fk07","RICE","SUPPL",0.00
"Input_Use","fk07","SAFLR","LAND",0.00
"Input_Use","fk07","SAFLR","WATER",0.00
"Input_Use","fk07","SAFLR","LABOR",0.00
"Input_Use","fk07","SAFLR","SUPPL",0.00
"Input_Use","fk07","SBEET","LAND",0.00
"Input_Use","fk07","SBEET","WATER",0.00
"Input_Use","fk07","SBEET","LABOR",0.00
"Input_Use","fk07","SBEET","SUPPL",0.00
"Input_Use","fk07","SUBTRP","LAND",196.61
"Input_Use","fk07","SUBTRP","WATER",778.84
"Input_Use","fk07","SUBTRP","LABOR",391.72
"Input_Use","fk07","SUBTRP","SUPPL",1014.27
"Input_Use","fk07","VINE","LAND",659.10
"Input_Use","fk07","VINE","WATER",2713.72
"Input_Use","fk07","VINE","LABOR",979.17
"Input_Use","fk07","VINE","SUPPL",591.69
"Input_Use","fk11","ALFAL","LAND",0.00
"Input_Use","fk11","ALFAL","WATER",0.00
"Input_Use","fk11","ALFAL","LABOR",0.00
"Input_Use","fk11","ALFAL","SUPPL",0.00
"Input_Use","fk11","ALPIS","LAND",0.00
"Input_Use","fk11","ALPIS","WATER",0.00
"Input_Use","fk11","ALPIS","LABOR",0.00
"Input_Use","fk11","ALPIS","SUPPL",0.00
"Input_Use","fk11","CORN","LAND",0.00
"Input_Use","fk11","CORN","WATER",0.00
"Input_Use","fk11","CORN","LABOR",0.00
"Input_Use","fk11","CORN","SUPPL",0.00
"Input_Use","fk11","COTTN","LAND",0.00
"Input_Use","fk11","COTTN","WATER",0.00
"Input_Use","fk11","COTTN","LABOR",0.00
"Input_Use","fk11","COTTN","SUPPL",0.00
"Input_Use","fk11","CUCUR","LAND",0.00
"Input_Use","fk11","CUCUR","WATER",0.00
"Input_Use","fk11","CUCUR","LABOR",0.00
"Input_Use","fk11","CUCUR","SUPPL",0.00
"Input_Use","fk11","DRYBN","LAND",0.00
"Input_Use","fk11","DRYBN","WATER",0.00
"Input_Use","fk11","DRYBN","LABOR",0.00
"Input_Use","fk11","DRYBN","SUPPL",0.00
"Input_Use","fk11","FRTOM","LAND",0.00
"Input_Use","fk11","FRTOM","WATER",0.00
"Input_Use","fk11","FRTOM","LABOR",0.00
"Input_Use","fk11","FRTOM","SUPPL",0.00
"Input_Use","fk11","GRAIN","LAND",0.00
"Input_Use","fk11","GRAIN","WATER",0.00
"Input_Use","fk11","GRAIN","LABOR",0.00
"Input_Use","fk11","GRAIN","SUPPL",0.00
"Input_Use","fk11","ONGAR","LAND",0.00
"Input_Use","fk11","ONGAR","WATER",0.00
"Input_Use","fk11","ONGAR","LABOR",0.00
"Input_Use","fk11","ONGAR","SUPPL",0.00
"Input_Use","fk11","OTHDEC","LAND",0.00
"Input_Use","fk11","OTHDEC","WATER",0.00
"Input_Use","fk11","OTHDEC","LABOR",0.00
"Input_Use","fk11","OTHDEC","SUPPL",0.00
"Input_Use","fk11","OTHFLD","LAND",0.00
"Input_Use","fk11","OTHFLD","WATER",0.00
"Input_Use","fk11","OTHFLD","LABOR",0.00
"Input_Use","fk11","OTHFLD","SUPPL",0.00
"Input_Use","fk11","OTHTRK","LAND",0.00
"Input_Use","fk11","OTHTRK","WATER",0.00
"Input_Use","fk11","OTHTRK","LABOR",0.00
"Input_Use","fk11","OTHTRK","SUPPL",0.00
"Input_Use","fk11","PASTR","LAND",0.00
"Input_Use","fk11","PASTR","WATER",0.00
"Input_Use","fk11","PASTR","LABOR",0.00
"Input_Use","fk11","PASTR","SUPPL",0.00
"Input_Use","fk11","POTATO","LAND",0.00
"Input_Use","fk11","POTATO","WATER",0.00
"Input_Use","fk11","POTATO","LABOR",0.00
"Input_Use","fk11","POTATO","SUPPL",0.00
"Input_Use","fk11","PRTOM","LAND",0.00
"Input_Use","fk11","PRTOM","WATER",0.00
"Input_Use","fk11","PRTOM","LABOR",0.00
"Input_Use","fk11","PRTOM","SUPPL",0.00
"Input_Use","fk11","RICE","LAND",0.00
"Input_Use","fk11","RICE","WATER",0.00
"Input_Use","fk11","RICE","LABOR",0.00
"Input_Use","fk11","RICE","SUPPL",0.00
"Input_Use","fk11","SAFLR","LAND",0.00
"Input_Use","fk11","SAFLR","WATER",0.00
"Input_Use","fk11","SAFLR","LABOR",0.00
"Input_Use","fk11","SAFLR","SUPPL",0.00
"Input_Use","fk11","SBEET","LAND",0.00
"Input_Use","fk11","SBEET","WATER",0.00
"Input_Use","fk11","SBEET","LABOR",0.00
"Input_Use","fk11","SBEET","SUPPL",0.00
"Input_Use","fk11","SUBTRP","LAND",122.57
"Input_Use","fk11","SUBTRP","WATER",469.06
"Input_Use","fk11","SUBTRP","LABOR",378.45
"Input_Use","fk11","SUBTRP","SUPPL",979.91
"Input_Use","fk11","VINE","LAND",0.00
"Input_Use","fk11","VINE","WATER",0.00
"Input_Use","fk11","VINE","LABOR",0.00
"Input_Use","fk11","VINE","SUPPL",0.00
"Input_Use","fk14","ALFAL","LAND",0.00
"Input_Use","fk14","ALFAL","WATER",0.00
"Input_Use","fk14","ALFAL","LABOR",0.00
"Input_Use","fk14","ALFAL","SUPPL",0.00
"Input_Use","fk14","ALPIS","LAND",0.00
"Input_Use","fk14","ALPIS","WATER",0.00
"Input_Use","fk14","ALPIS","LABOR",0.00
"Input_Use","fk14","ALPIS","SUPPL",0.00
"Input_Use","fk14","CORN","LAND",0.00
"Input_Use","fk14","CORN","WATER",0.00
"Input_Use","fk14","CORN","LABOR",0.00
"Input_Use","fk14","CORN","SUPPL",0.00
"Input_Use","fk14","COTTN","LAND",0.00
"Input_Use","fk14","COTTN","WATER",0.00
"Input_Use","fk14","COTTN","LABOR",0.00
"Input_Use","fk14","COTTN","SUPPL",0.00
"Input_Use","fk14","CUCUR","LAND",0.00
"Input_Use","fk14","CUCUR","WATER",0.00
"Input_Use","fk14","CUCUR","LABOR",0.00
"Input_Use","fk14","CUCUR","SUPPL",0.00
"Input_Use","fk14","DRYBN","LAND",0.00
"Input_Use","fk14","DRYBN","WATER",0.00
"Input_Use","fk14","DRYBN","LABOR",0.00
"Input_Use","fk14","DRYBN","SUPPL",0.00
"Input_Use","fk14","FRTOM","LAND",0.00
"Input_Use","fk14","FRTOM","WATER",0.00
"Input_Use","fk14","FRTOM","LABOR",0.00
"Input_Use","fk14","FRTOM","SUPPL",0.00
"Input_Use","fk14","GRAIN","LAND",0.00
"Input_Use","fk14","GRAIN","WATER",0.00
"Input_Use","fk14","GRAIN","LABOR",0.00
"Input_Use","fk14","GRAIN","SUPPL",0.00
"Input_Use","fk14","ONGAR","LAND",0.00
"Input_Use","fk14","ONGAR","WATER",0.00
"Input_Use","fk14","ONGAR","LABOR",0.00
"Input_Use","fk14","ONGAR","SUPPL",0.00
"Input_Use","fk14","OTHDEC","LAND",0.00
"Input_Use","fk14","OTHDEC","WATER",0.00
"Input_Use","fk14","OTHDEC","LABOR",0.00
"Input_Use","fk14","OTHDEC","SUPPL",0.00
"Input_Use","fk14","OTHFLD","LAND",0.00
"Input_Use","fk14","OTHFLD","WATER",0.00
"Input_Use","fk14","OTHFLD","LABOR",0.00
"Input_Use","fk14","OTHFLD","SUPPL",0.00
"Input_Use","fk14","OTHTRK","LAND",0.00
"Input_Use","fk14","OTHTRK","WATER",0.00
"Input_Use","fk14","OTHTRK","LABOR",0.00
"Input_Use","fk14","OTHTRK","SUPPL",0.00
"Input_Use","fk14","PASTR","LAND",0.00
"Input_Use","fk14","PASTR","WATER",0.00
"Input_Use","fk14","PASTR","LABOR",0.00
"Input_Use","fk14","PASTR","SUPPL",0.00
"Input_Use","fk14","POTATO","LAND",0.00
"Input_Use","fk14","POTATO","WATER",0.00
"Input_Use","fk14","POTATO","LABOR",0.00
"Input_Use","fk14","POTATO","SUPPL",0.00
"Input_Use","fk14","PRTOM","LAND",0.00
"Input_Use","fk14","PRTOM","WATER",0.00
"Input_Use","fk14","PRTOM","LABOR",0.00
"Input_Use","fk14","PRTOM","SUPPL",0.00
"Input_Use","fk14","RICE","LAND",0.00
"Input_Use","fk14","RICE","WATER",0.00
"Input_Use","fk14","RICE","LABOR",0.00
"Input_Use","fk14","RICE","SUPPL",0.00
"Input_Use","fk14","SAFLR","LAND",0.00
"Input_Use","fk14","SAFLR","WATER",0.00
"Input_Use","fk14","SAFLR","LABOR",0.00
"Input_Use","fk14","SAFLR","SUPPL",0.00
"Input_Use","fk14","SBEET","LAND",0.00
"Input_Use","fk14","SBEET","WATER",0.00
"Input_Use","fk14","SBEET","LABOR",0.00
"Input_Use","fk14","SBEET","SUPPL",0.00
"Input_Use","fk14","SUBTRP","LAND",0.00
"Input_Use","fk14","SUBTRP","WATER",0.00
"Input_Use","fk14","SUBTRP","LABOR",0.00
"Input_Use","fk14","SUBTRP","SUPPL",0.00
"Input_Use","fk14","VINE","LAND",0.00
"Input_Use","fk14","VINE","WATER",0.00
"Input_Use","fk14","VINE","LABOR",0.00
"Input_Use","fk14","VINE","SUPPL",0.00
"Input_Use","fk12","ALFAL","LAND",0.00
"Input_Use","fk12","ALFAL","WATER",0.00
"Input_Use","fk12","ALFAL","LABOR",0.00
"Input_Use","fk12","ALFAL","SUPPL",0.00
"Input_Use","fk12","ALPIS","LAND",1394.84
"Input_Use","fk12","ALPIS","WATER",6338.14
"Input_Use","fk12","ALPIS","LABOR",403.82
"Input_Use","fk12","ALPIS","SUPPL",888.82
"Input_Use","fk12","CORN","LAND",0.00
"Input_Use","fk12","CORN","WATER",0.00
"Input_Use","fk12","CORN","LABOR",0.00
"Input_Use","fk12","CORN","SUPPL",0.00
"Input_Use","fk12","COTTN","LAND",0.00
"Input_Use","fk12","COTTN","WATER",0.00
"Input_Use","fk12","COTTN","LABOR",0.00
"Input_Use","fk12","COTTN","SUPPL",0.00
"Input_Use","fk12","CUCUR","LAND",0.00
"Input_Use","fk12","CUCUR","WATER",0.00
"Input_Use","fk12","CUCUR","LABOR",0.00
"Input_Use","fk12","CUCUR","SUPPL",0.00
"Input_Use","fk12","DRYBN","LAND",0.00
"Input_Use","fk12","DRYBN","WATER",0.00
"Input_Use","fk12","DRYBN","LABOR",0.00
"Input_Use","fk12","DRYBN","SUPPL",0.00
"Input_Use","fk12","FRTOM","LAND",0.00
"Input_Use","fk12","FRTOM","WATER",0.00
"Input_Use","fk12","FRTOM","LABOR",0.00
"Input_Use","fk12","FRTOM","SUPPL",0.00
"Input_Use","fk12","GRAIN","LAND",77.31
"Input_Use","fk12","GRAIN","WATER",111.52
"Input_Use","fk12","GRAIN","LABOR",20.59
"Input_Use","fk12","GRAIN","SUPPL",334.58
"Input_Use","fk12","ONGAR","LAND",0.00
"Input_Use","fk12","ONGAR","WATER",0.00
"Input_Use","fk12","ONGAR","LABOR",0.00
"Input_Use","fk12","ONGAR","SUPPL",0.00
"Input_Use","fk12","OTHDEC","LAND",223.04
"Input_Use","fk12","OTHDEC","WATER",1007.87
"Input_Use","fk12","OTHDEC","LABOR",103.98
"Input_Use","fk12","OTHDEC","SUPPL",706.22
"Input_Use","fk12","OTHFLD","LAND",0.00
"Input_Use","fk12","OTHFLD","WATER",0.00
"Input_Use","fk12","OTHFLD","LABOR",0.00
"Input_Use","fk12","OTHFLD","SUPPL",0.00
"Input_Use","fk12","OTHTRK","LAND",0.00
"Input_Use","fk12","OTHTRK","WATER",0.00
"Input_Use","fk12","OTHTRK","LABOR",0.00
"Input_Use","fk12","OTHTRK","SUPPL",0.00
"Input_Use","fk12","PASTR","LAND",0.00
"Input_Use","fk12","PASTR","WATER",0.00
"Input_Use","fk12","PASTR","LABOR",0.00
"Input_Use","fk12","PASTR","SUPPL",0.00
"Input_Use","fk12","POTATO","LAND",0.00
"Input_Use","fk12","POTATO","WATER",0.00
"Input_Use","fk12","POTATO","LABOR",0.00
"Input_Use","fk12","POTATO","SUPPL",0.00
"Input_Use","fk12","PRTOM","LAND",0.00
"Input_Use","fk12","PRTOM","WATER",0.00
"Input_Use","fk12","PRTOM","LABOR",0.00
"Input_Use","fk12","PRTOM","SUPPL",0.00
"Input_Use","fk12","RICE","LAND",0.00
"Input_Use","fk12","RICE","WATER",0.00
"Input_Use","fk12","RICE","LABOR",0.00
"Input_Use","fk12","RICE","SUPPL",0.00
"Input_Use","fk12","SAFLR","LAND",0.00
"Input_Use","fk12","SAFLR","WATER",0.00
"Input_Use","fk12","SAFLR","LABOR",0.00
"Input_Use","fk12","SAFLR","SUPPL",0.00
"Input_Use","fk12","SBEET","LAND",0.00
"Input_Use","fk12","SBEET","WATER",0.00
"Input_Use","fk12","SBEET","LABOR",0.00
"Input_Use","fk12","SBEET","SUPPL",0.00
"Input_Use","fk12","SUBTRP","LAND",293.70
"Input_Use","fk12","SUBTRP","WATER",1164.25
"Input_Use","fk12","SUBTRP","LABOR",392.00
"Input_Use","fk12","SUBTRP","SUPPL",1015.00
"Input_Use","fk12","VINE","LAND",0.00
"Input_Use","fk12","VINE","WATER",0.00
"Input_Use","fk12","VINE","LABOR",0.00
"Input_Use","fk12","VINE","SUPPL",0.00
"Input_Use","fk10","ALFAL","LAND",3303.19
"Input_Use","fk10","ALFAL","WATER",17662.59
"Input_Use","fk10","ALFAL","LABOR",34.40
"Input_Use","fk10","ALFAL","SUPPL",430.42
"Input_Use","fk10","ALPIS","LAND",15575.46
"Input_Use","fk10","ALPIS","WATER",71668.82
"Input_Use","fk10","ALPIS","LABOR",402.98
"Input_Use","fk10","ALPIS","SUPPL",886.56
"Input_Use","fk10","CORN","LAND",846.87
"Input_Use","fk10","CORN","WATER",2097.33
"Input_Use","fk10","CORN","LABOR",149.26
"Input_Use","fk10","CORN","SUPPL",553.83
"Input_Use","fk10","COTTN","LAND",284.55
"Input_Use","fk10","COTTN","WATER",1053.84
"Input_Use","fk10","COTTN","LABOR",151.44
"Input_Use","fk10","COTTN","SUPPL",641.80
"Input_Use","fk10","CUCUR","LAND",100.14
"Input_Use","fk10","CUCUR","WATER",262.38
"Input_Use","fk10","CUCUR","LABOR",8041.76
"Input_Use","fk10","CUCUR","SUPPL",3849.85
"Input_Use","fk10","DRYBN","LAND",0.00
"Input_Use","fk10","DRYBN","WATER",0.00
"Input_Use","fk10","DRYBN","LABOR",0.00
"Input_Use","fk10","DRYBN","SUPPL",0.00
"Input_Use","fk10","FRTOM","LAND",0.00
"Input_Use","fk10","FRTOM","WATER",0.00
"Input_Use","fk10","FRTOM","LABOR",0.00
"Input_Use","fk10","FRTOM","SUPPL",0.00
"Input_Use","fk10","GRAIN","LAND",1845.94
"Input_Use","fk10","GRAIN","WATER",2658.36
"Input_Use","fk10","GRAIN","LABOR",20.13
"Input_Use","fk10","GRAIN","SUPPL",327.10
"Input_Use","fk10","ONGAR","LAND",241.29
"Input_Use","fk10","ONGAR","WATER",855.02
"Input_Use","fk10","ONGAR","LABOR",835.99
"Input_Use","fk10","ONGAR","SUPPL",2617.26
"Input_Use","fk10","OTHDEC","LAND",1174.25
"Input_Use","fk10","OTHDEC","WATER",5087.19
"Input_Use","fk10","OTHDEC","LABOR",103.85
"Input_Use","fk10","OTHDEC","SUPPL",705.38
"Input_Use","fk10","OTHFLD","LAND",227.52
"Input_Use","fk10","OTHFLD","WATER",739.88
"Input_Use","fk10","OTHFLD","LABOR",146.87
"Input_Use","fk10","OTHFLD","SUPPL",323.29
"Input_Use","fk10","OTHTRK","LAND",226.56
"Input_Use","fk10","OTHTRK","WATER",466.84
"Input_Use","fk10","OTHTRK","LABOR",541.15
"Input_Use","fk10","OTHTRK","SUPPL",2837.90
"Input_Use","fk10","PASTR","LAND",0.00
"Input_Use","fk10","PASTR","WATER",0.00
"Input_Use","fk10","PASTR","LABOR",0.00
"Input_Use","fk10","PASTR","SUPPL",0.00
"Input_Use","fk10","POTATO","LAND",0.00
"Input_Use","fk10","POTATO","WATER",0.00
"Input_Use","fk10","POTATO","LABOR",0.00
"Input_Use","fk10","POTATO","SUPPL",0.00
"Input_Use","fk10","PRTOM","LAND",0.00
"Input_Use","fk10","PRTOM","WATER",0.00
"Input_Use","fk10","PRTOM","LABOR",0.00
"Input_Use","fk10","PRTOM","SUPPL",0.00
"Input_Use","fk10","RICE","LAND",0.00
"Input_Use","fk10","RICE","WATER",0.00
"Input_Use","fk10","RICE","LABOR",0.00
"Input_Use","fk10","RICE","SUPPL",0.00
"Input_Use","fk10","SAFLR","LAND",0.00
"Input_Use","fk10","SAFLR","WATER",0.00
"Input_Use","fk10","SAFLR","LABOR",0.00
"Input_Use","fk10","SAFLR","SUPPL",0.00
"Input_Use","fk10","SBEET","LAND",0.00
"Input_Use","fk10","SBEET","WATER",0.00
"Input_Use","fk10","SBEET","LABOR",0.00
"Input_Use","fk10","SBEET","SUPPL",0.00
"Input_Use","fk10","SUBTRP","LAND",4362.30
"Input_Use","fk10","SUBTRP","WATER",18185.25
"Input_Use","fk10","SUBTRP","LABOR",391.37
"Input_Use","fk10","SUBTRP","SUPPL",1013.38
"Input_Use","fk10","VINE","LAND",15981.50
"Input_Use","fk10","VINE","WATER",60066.67
"Input_Use","fk10","VINE","LABOR",978.30
"Input_Use","fk10","VINE","SUPPL",590.48
"Input_Use","fk09","ALFAL","LAND",2459.54
"Input_Use","fk09","ALFAL","WATER",13246.54
"Input_Use","fk09","ALFAL","LABOR",34.62
"Input_Use","fk09","ALFAL","SUPPL",433.20
"Input_Use","fk09","ALPIS","LAND",16718.73
"Input_Use","fk09","ALPIS","WATER",76657.08
"Input_Use","fk09","ALPIS","LABOR",403.18
"Input_Use","fk09","ALPIS","SUPPL",888.35
"Input_Use","fk09","CORN","LAND",956.27
"Input_Use","fk09","CORN","WATER",2357.84
"Input_Use","fk09","CORN","LABOR",149.67
"Input_Use","fk09","CORN","SUPPL",555.37
"Input_Use","fk09","COTTN","LAND",988.03
"Input_Use","fk09","COTTN","WATER",3611.22
"Input_Use","fk09","COTTN","LABOR",150.42
"Input_Use","fk09","COTTN","SUPPL",637.51
"Input_Use","fk09","CUCUR","LAND",0.00
"Input_Use","fk09","CUCUR","WATER",0.00
"Input_Use","fk09","CUCUR","LABOR",0.00
"Input_Use","fk09","CUCUR","SUPPL",0.00
"Input_Use","fk09","DRYBN","LAND",631.01
"Input_Use","fk09","DRYBN","WATER",1432.95
"Input_Use","fk09","DRYBN","LABOR",77.31
"Input_Use","fk09","DRYBN","SUPPL",209.55
"Input_Use","fk09","FRTOM","LAND",0.00
"Input_Use","fk09","FRTOM","WATER",0.00
"Input_Use","fk09","FRTOM","LABOR",0.00
"Input_Use","fk09","FRTOM","SUPPL",0.00
"Input_Use","fk09","GRAIN","LAND",1755.33
"Input_Use","fk09","GRAIN","WATER",2524.79
"Input_Use","fk09","GRAIN","LABOR",20.29
"Input_Use","fk09","GRAIN","SUPPL",329.66
"Input_Use","fk09","ONGAR","LAND",133.38
"Input_Use","fk09","ONGAR","WATER",470.94
"Input_Use","fk09","ONGAR","LABOR",836.39
"Input_Use","fk09","ONGAR","SUPPL",2618.50
"Input_Use","fk09","OTHDEC","LAND",1034.51
"Input_Use","fk09","OTHDEC","WATER",4465.20
"Input_Use","fk09","OTHDEC","LABOR",103.89
"Input_Use","fk09","OTHDEC","SUPPL",705.62
"Input_Use","fk09","OTHFLD","LAND",0.00
"Input_Use","fk09","OTHFLD","WATER",0.00
"Input_Use","fk09","OTHFLD","LABOR",0.00
"Input_Use","fk09","OTHFLD","SUPPL",0.00
"Input_Use","fk09","OTHTRK","LAND",1055.12
"Input_Use","fk09","OTHTRK","WATER",2166.32
"Input_Use","fk09","OTHTRK","LABOR",542.44
"Input_Use","fk09","OTHTRK","SUPPL",2840.39
"Input_Use","fk09","PASTR","LAND",0.00
"Input_Use","fk09","PASTR","WATER",0.00
"Input_Use","fk09","PASTR","LABOR",0.00
"Input_Use","fk09","PASTR","SUPPL",0.00
"Input_Use","fk09","POTATO","LAND",512.36
"Input_Use","fk09","POTATO","WATER",1013.92
"Input_Use","fk09","POTATO","LABOR",482.68
"Input_Use","fk09","POTATO","SUPPL",1946.27
"Input_Use","fk09","PRTOM","LAND",155.40
"Input_Use","fk09","PRTOM","WATER",368.87
"Input_Use","fk09","PRTOM","LABOR",333.69
"Input_Use","fk09","PRTOM","SUPPL",866.30
"Input_Use","fk09","RICE","LAND",0.00
"Input_Use","fk09","RICE","WATER",0.00
"Input_Use","fk09","RICE","LABOR",0.00
"Input_Use","fk09","RICE","SUPPL",0.00
"Input_Use","fk09","SAFLR","LAND",0.00
"Input_Use","fk09","SAFLR","WATER",0.00
"Input_Use","fk09","SAFLR","LABOR",0.00
"Input_Use","fk09","SAFLR","SUPPL",0.00
"Input_Use","fk09","SBEET","LAND",0.00
"Input_Use","fk09","SBEET","WATER",0.00
"Input_Use","fk09","SBEET","LABOR",0.00
"Input_Use","fk09","SBEET","SUPPL",0.00
"Input_Use","fk09","SUBTRP","LAND",0.00
"Input_Use","fk09","SUBTRP","WATER",0.00
"Input_Use","fk09","SUBTRP","LABOR",0.00
"Input_Use","fk09","SUBTRP","SUPPL",0.00
"Input_Use","fk09","VINE","LAND",1779.35
"Input_Use","fk09","VINE","WATER",6663.76
"Input_Use","fk09","VINE","LABOR",978.77
"Input_Use","fk09","VINE","SUPPL",591.45
"Input_Use","ot2","ALFAL","LAND",2273.59
"Input_Use","ot2","ALFAL","WATER",12190.23
"Input_Use","ot2","ALFAL","LABOR",34.47
"Input_Use","ot2","ALFAL","SUPPL",431.31
"Input_Use","ot2","ALPIS","LAND",33724.39
"Input_Use","ot2","ALPIS","WATER",154554.99
"Input_Use","ot2","ALPIS","LABOR",402.98
"Input_Use","ot2","ALPIS","SUPPL",908.48
"Input_Use","ot2","CORN","LAND",308.36
"Input_Use","ot2","CORN","WATER",760.93
"Input_Use","ot2","CORN","LABOR",149.81
"Input_Use","ot2","CORN","SUPPL",555.86
"Input_Use","ot2","COTTN","LAND",1834.15
"Input_Use","ot2","COTTN","WATER",6762.58
"Input_Use","ot2","COTTN","LABOR",151.64
"Input_Use","ot2","COTTN","SUPPL",642.69
"Input_Use","ot2","CUCUR","LAND",105.74
"Input_Use","ot2","CUCUR","WATER",275.98
"Input_Use","ot2","CUCUR","LABOR",8043.50
"Input_Use","ot2","CUCUR","SUPPL",3850.69
"Input_Use","ot2","DRYBN","LAND",277.89
"Input_Use","ot2","DRYBN","WATER",630.70
"Input_Use","ot2","DRYBN","LABOR",77.27
"Input_Use","ot2","DRYBN","SUPPL",209.44
"Input_Use","ot2","FRTOM","LAND",0.00
"Input_Use","ot2","FRTOM","WATER",0.00
"Input_Use","ot2","FRTOM","LABOR",0.00
"Input_Use","ot2","FRTOM","SUPPL",0.00
"Input_Use","ot2","GRAIN","LAND",2321.28
"Input_Use","ot2","GRAIN","WATER",3333.67
"Input_Use","ot2","GRAIN","LABOR",20.26
"Input_Use","ot2","GRAIN","SUPPL",329.17
"Input_Use","ot2","ONGAR","LAND",904.71
"Input_Use","ot2","ONGAR","WATER",3193.13
"Input_Use","ot2","ONGAR","LABOR",836.08
"Input_Use","ot2","ONGAR","SUPPL",2617.54
"Input_Use","ot2","OTHDEC","LAND",1329.84
"Input_Use","ot2","OTHDEC","WATER",5738.14
"Input_Use","ot2","OTHDEC","LABOR",103.86
"Input_Use","ot2","OTHDEC","SUPPL",705.40
"Input_Use","ot2","OTHFLD","LAND",185.83
"Input_Use","ot2","OTHFLD","WATER",601.44
"Input_Use","ot2","OTHFLD","LABOR",148.90
"Input_Use","ot2","OTHFLD","SUPPL",327.75
"Input_Use","ot2","OTHTRK","LAND",2543.29
"Input_Use","ot2","OTHTRK","WATER",5220.03
"Input_Use","ot2","OTHTRK","LABOR",543.26
"Input_Use","ot2","OTHTRK","SUPPL",2840.47
"Input_Use","ot2","PASTR","LAND",0.00
"Input_Use","ot2","PASTR","WATER",0.00
"Input_Use","ot2","PASTR","LABOR",0.00
"Input_Use","ot2","PASTR","SUPPL",0.00
"Input_Use","ot2","POTATO","LAND",2075.13
"Input_Use","ot2","POTATO","WATER",4104.11
"Input_Use","ot2","POTATO","LABOR",482.40
"Input_Use","ot2","POTATO","SUPPL",1945.14
"Input_Use","ot2","PRTOM","LAND",361.93
"Input_Use","ot2","PRTOM","WATER",858.26
"Input_Use","ot2","PRTOM","LABOR",333.36
"Input_Use","ot2","PRTOM","SUPPL",865.43
"Input_Use","ot2","RICE","LAND",0.00
"Input_Use","ot2","RICE","WATER",0.00
"Input_Use","ot2","RICE","LABOR",0.00
"Input_Use","ot2","RICE","SUPPL",0.00
"Input_Use","ot2","SAFLR","LAND",0.00
"Input_Use","ot2","SAFLR","WATER",0.00
"Input_Use","ot2","SAFLR","LABOR",0.00
"Input_Use","ot2","SAFLR","SUPPL",0.00
"Input_Use","ot2","SBEET","LAND",0.00
"Input_Use","ot2","SBEET","WATER",0.00
"Input_Use","ot2","SBEET","LABOR",0.00
"Input_Use","ot2","SBEET","SUPPL",0.00
"Input_Use","ot2","SUBTRP","LAND",0.00
"Input_Use","ot2","SUBTRP","WATER",0.00
"Input_Use","ot2","SUBTRP","LABOR",0.00
"Input_Use","ot2","SUBTRP","SUPPL",0.00
"Input_Use","ot2","VINE","LAND",6104.54
"Input_Use","ot2","VINE","WATER",22852.61
"Input_Use","ot2","VINE","LABOR",978.38
"Input_Use","ot2","VINE","SUPPL",591.22
"Input_Use","ot3","ALFAL","LAND",0.00
"Input_Use","ot3","ALFAL","WATER",0.00
"Input_Use","ot3","ALFAL","LABOR",0.00
"Input_Use","ot3","ALFAL","SUPPL",0.00
"Input_Use","ot3","ALPIS","LAND",141.85
"Input_Use","ot3","ALPIS","WATER",628.63
"Input_Use","ot3","ALPIS","LABOR",389.74
"Input_Use","ot3","ALPIS","SUPPL",857.83
"Input_Use","ot3","CORN","LAND",0.00
"Input_Use","ot3","CORN","WATER",0.00
"Input_Use","ot3","CORN","LABOR",0.00
"Input_Use","ot3","CORN","SUPPL",0.00
"Input_Use","ot3","COTTN","LAND",0.00
"Input_Use","ot3","COTTN","WATER",0.00
"Input_Use","ot3","COTTN","LABOR",0.00
"Input_Use","ot3","COTTN","SUPPL",0.00
"Input_Use","ot3","CUCUR","LAND",0.00
"Input_Use","ot3","CUCUR","WATER",0.00
"Input_Use","ot3","CUCUR","LABOR",0.00
"Input_Use","ot3","CUCUR","SUPPL",0.00
"Input_Use","ot3","DRYBN","LAND",0.00
"Input_Use","ot3","DRYBN","WATER",0.00
"Input_Use","ot3","DRYBN","LABOR",0.00
"Input_Use","ot3","DRYBN","SUPPL",0.00
"Input_Use","ot3","FRTOM","LAND",0.00
"Input_Use","ot3","FRTOM","WATER",0.00
"Input_Use","ot3","FRTOM","LABOR",0.00
"Input_Use","ot3","FRTOM","SUPPL",0.00
"Input_Use","ot3","GRAIN","LAND",0.00
"Input_Use","ot3","GRAIN","WATER",0.00
"Input_Use","ot3","GRAIN","LABOR",0.00
"Input_Use","ot3","GRAIN","SUPPL",0.00
"Input_Use","ot3","ONGAR","LAND",0.00
"Input_Use","ot3","ONGAR","WATER",0.00
"Input_Use","ot3","ONGAR","LABOR",0.00
"Input_Use","ot3","ONGAR","SUPPL",0.00
"Input_Use","ot3","OTHDEC","LAND",0.00
"Input_Use","ot3","OTHDEC","WATER",0.00
"Input_Use","ot3","OTHDEC","LABOR",0.00
"Input_Use","ot3","OTHDEC","SUPPL",0.00
"Input_Use","ot3","OTHFLD","LAND",0.00
"Input_Use","ot3","OTHFLD","WATER",0.00
"Input_Use","ot3","OTHFLD","LABOR",0.00
"Input_Use","ot3","OTHFLD","SUPPL",0.00
"Input_Use","ot3","OTHTRK","LAND",0.00
"Input_Use","ot3","OTHTRK","WATER",0.00
"Input_Use","ot3","OTHTRK","LABOR",0.00
"Input_Use","ot3","OTHTRK","SUPPL",0.00
"Input_Use","ot3","PASTR","LAND",0.00
"Input_Use","ot3","PASTR","WATER",0.00
"Input_Use","ot3","PASTR","LABOR",0.00
"Input_Use","ot3","PASTR","SUPPL",0.00
"Input_Use","ot3","POTATO","LAND",0.00
"Input_Use","ot3","POTATO","WATER",0.00
"Input_Use","ot3","POTATO","LABOR",0.00
"Input_Use","ot3","POTATO","SUPPL",0.00
"Input_Use","ot3","PRTOM","LAND",0.00
"Input_Use","ot3","PRTOM","WATER",0.00
"Input_Use","ot3","PRTOM","LABOR",0.00
"Input_Use","ot3","PRTOM","SUPPL",0.00
"Input_Use","ot3","RICE","LAND",0.00
"Input_Use","ot3","RICE","WATER",0.00
"Input_Use","ot3","RICE","LABOR",0.00
"Input_Use","ot3","RICE","SUPPL",0.00
"Input_Use","ot3","SAFLR","LAND",0.00
"Input_Use","ot3","SAFLR","WATER",0.00
"Input_Use","ot3","SAFLR","LABOR",0.00
"Input_Use","ot3","SAFLR","SUPPL",0.00
"Input_Use","ot3","SBEET","LAND",0.00
"Input_Use","ot3","SBEET","WATER",0.00
"Input_Use","ot3","SBEET","LABOR",0.00
"Input_Use","ot3","SBEET","SUPPL",0.00
"Input_Use","ot3","SUBTRP","LAND",875.95
"Input_Use","ot3","SUBTRP","WATER",3550.75
"Input_Use","ot3","SUBTRP","LABOR",382.12
"Input_Use","ot3","SUBTRP","SUPPL",989.41
"Input_Use","ot3","VINE","LAND",0.00
"Input_Use","ot3","VINE","WATER",0.00
"Input_Use","ot3","VINE","LABOR",0.00
"Input_Use","ot3","VINE","SUPPL",0.00
"Input_Use","ot1","ALFAL","LAND",0.00
"Input_Use","ot1","ALFAL","WATER",0.00
"Input_Use","ot1","ALFAL","LABOR",0.00
"Input_Use","ot1","ALFAL","SUPPL",0.00
"Input_Use","ot1","ALPIS","LAND",12528.43
"Input_Use","ot1","ALPIS","WATER",52902.17
"Input_Use","ot1","ALPIS","LABOR",389.76
"Input_Use","ot1","ALPIS","SUPPL",858.13
"Input_Use","ot1","CORN","LAND",0.00
"Input_Use","ot1","CORN","WATER",0.00
"Input_Use","ot1","CORN","LABOR",0.00
"Input_Use","ot1","CORN","SUPPL",0.00
"Input_Use","ot1","COTTN","LAND",0.00
"Input_Use","ot1","COTTN","WATER",0.00
"Input_Use","ot1","COTTN","LABOR",0.00
"Input_Use","ot1","COTTN","SUPPL",0.00
"Input_Use","ot1","CUCUR","LAND",0.00
"Input_Use","ot1","CUCUR","WATER",0.00
"Input_Use","ot1","CUCUR","LABOR",0.00
"Input_Use","ot1","CUCUR","SUPPL",0.00
"Input_Use","ot1","DRYBN","LAND",0.00
"Input_Use","ot1","DRYBN","WATER",0.00
"Input_Use","ot1","DRYBN","LABOR",0.00
"Input_Use","ot1","DRYBN","SUPPL",0.00
"Input_Use","ot1","FRTOM","LAND",0.00
"Input_Use","ot1","FRTOM","WATER",0.00
"Input_Use","ot1","FRTOM","LABOR",0.00
"Input_Use","ot1","FRTOM","SUPPL",0.00
"Input_Use","ot1","GRAIN","LAND",0.00
"Input_Use","ot1","GRAIN","WATER",0.00
"Input_Use","ot1","GRAIN","LABOR",0.00
"Input_Use","ot1","GRAIN","SUPPL",0.00
"Input_Use","ot1","ONGAR","LAND",0.00
"Input_Use","ot1","ONGAR","WATER",0.00
"Input_Use","ot1","ONGAR","LABOR",0.00
"Input_Use","ot1","ONGAR","SUPPL",0.00
"Input_Use","ot1","OTHDEC","LAND",2595.17
"Input_Use","ot1","OTHDEC","WATER",9913.84
"Input_Use","ot1","OTHDEC","LABOR",102.06
"Input_Use","ot1","OTHDEC","SUPPL",693.23
"Input_Use","ot1","OTHFLD","LAND",0.00
"Input_Use","ot1","OTHFLD","WATER",0.00
"Input_Use","ot1","OTHFLD","LABOR",0.00
"Input_Use","ot1","OTHFLD","SUPPL",0.00
"Input_Use","ot1","OTHTRK","LAND",0.00
"Input_Use","ot1","OTHTRK","WATER",0.00
"Input_Use","ot1","OTHTRK","LABOR",0.00
"Input_Use","ot1","OTHTRK","SUPPL",0.00
"Input_Use","ot1","PASTR","LAND",0.00
"Input_Use","ot1","PASTR","WATER",0.00
"Input_Use","ot1","PASTR","LABOR",0.00
"Input_Use","ot1","PASTR","SUPPL",0.00
"Input_Use","ot1","POTATO","LAND",0.00
"Input_Use","ot1","POTATO","WATER",0.00
"Input_Use","ot1","POTATO","LABOR",0.00
"Input_Use","ot1","POTATO","SUPPL",0.00
"Input_Use","ot1","PRTOM","LAND",0.00
"Input_Use","ot1","PRTOM","WATER",0.00
"Input_Use","ot1","PRTOM","LABOR",0.00
"Input_Use","ot1","PRTOM","SUPPL",0.00
"Input_Use","ot1","RICE","LAND",0.00
"Input_Use","ot1","RICE","WATER",0.00
"Input_Use","ot1","RICE","LABOR",0.00
"Input_Use","ot1","RICE","SUPPL",0.00
"Input_Use","ot1","SAFLR","LAND",0.00
"Input_Use","ot1","SAFLR","WATER",0.00
"Input_Use","ot1","SAFLR","LABOR",0.00
"Input_Use","ot1","SAFLR","SUPPL",0.00
"Input_Use","ot1","SBEET","LAND",0.00
"Input_Use","ot1","SBEET","WATER",0.00
"Input_Use","ot1","SBEET","LABOR",0.00
"Input_Use","ot1","SBEET","SUPPL",0.00
"Input_Use","ot1","SUBTRP","LAND",0.00
"Input_Use","ot1","SUBTRP","WATER",0.00
"Input_Use","ot1","SUBTRP","LABOR",0.00
"Input_Use","ot1","SUBTRP","SUPPL",0.00
"Input_Use","ot1","VINE","LAND",1238.74
"Input_Use","ot1","VINE","WATER",4224.97
"Input_Use","ot1","VINE","LABOR",955.92
"Input_Use","ot1","VINE","SUPPL",577.64
