Parameter,Region,Crop,Input,Level
Beta,D02,ALFAL,LAND,0
Beta,D02,ALFAL,WATER,1
Beta,D02,ALFAL,LABOR,0
Beta,D02,ALFAL,SUPPL,0
Beta,D02,ALPIS,LAND,0.01
Beta,D02,ALPIS,WATER,0.99
Beta,D02,ALPIS,LABOR,0
Beta,D02,ALPIS,SUPPL,0
Beta,D02,CORN,LAND,0.07
Beta,D02,CORN,WATER,0.93
Beta,D02,CORN,LABOR,0
Beta,D02,CORN,SUPPL,0
Beta,D02,COTTN,LAND,0.01
Beta,D02,COTTN,WATER,0.99
Beta,D02,COTTN,LABOR,0
Beta,D02,COTTN,SUPPL,0
Beta,D02,CUCUR,LAND,0
Beta,D02,CUCUR,WATER,0
Beta,D02,CUCUR,LABOR,0.99
Beta,D02,CUCUR,SUPPL,0.01
Beta,D02,DRYBN,LAND,0.12
Beta,D02,DRYBN,WATER,0.88
Beta,D02,DRYBN,LABOR,0
Beta,D02,DRYBN,SUPPL,0
Beta,D02,FRTOM,LAND,0.12
Beta,D02,FRTOM,WATER,0.21
Beta,D02,FRTOM,LABOR,0
Beta,D02,FRTOM,SUPPL,0.67
Beta,D02,GRAIN,LAND,0.42
Beta,D02,GRAIN,WATER,0.58
Beta,D02,GRAIN,LABOR,0
Beta,D02,GRAIN,SUPPL,0
Beta,D02,ONGAR,LAND,0.06
Beta,D02,ONGAR,WATER,0.94
Beta,D02,ONGAR,LABOR,0
Beta,D02,ONGAR,SUPPL,0
Beta,D02,OTHDEC,LAND,0.02
Beta,D02,OTHDEC,WATER,0.98
Beta,D02,OTHDEC,LABOR,0
Beta,D02,OTHDEC,SUPPL,0
Beta,D02,OTHFLD,LAND,0.01
Beta,D02,OTHFLD,WATER,0.99
Beta,D02,OTHFLD,LABOR,0
Beta,D02,OTHFLD,SUPPL,0
Beta,D02,OTHTRK,LAND,0.43
Beta,D02,OTHTRK,WATER,0.57
Beta,D02,OTHTRK,LABOR,0
Beta,D02,OTHTRK,SUPPL,0
Beta,D02,PASTR,LAND,0
Beta,D02,PASTR,WATER,1
Beta,D02,PASTR,LABOR,0
Beta,D02,PASTR,SUPPL,0
Beta,D02,POTATO,LAND,0.59
Beta,D02,POTATO,WATER,0.41
Beta,D02,POTATO,LABOR,0
Beta,D02,POTATO,SUPPL,0
Beta,D02,PRTOM,LAND,0.21
Beta,D02,PRTOM,WATER,0.79
Beta,D02,PRTOM,LABOR,0
Beta,D02,PRTOM,SUPPL,0
Beta,D02,RICE,LAND,0
Beta,D02,RICE,WATER,0
Beta,D02,RICE,LABOR,0
Beta,D02,RICE,SUPPL,0
Beta,D02,SAFLR,LAND,0.03
Beta,D02,SAFLR,WATER,0.97
Beta,D02,SAFLR,LABOR,0
Beta,D02,SAFLR,SUPPL,0
Beta,D02,SBEET,LAND,0
Beta,D02,SBEET,WATER,0
Beta,D02,SBEET,LABOR,0
Beta,D02,SBEET,SUPPL,0
Beta,D02,SUBTRP,LAND,0
Beta,D02,SUBTRP,WATER,0
Beta,D02,SUBTRP,LABOR,0
Beta,D02,SUBTRP,SUPPL,0
Beta,D02,VINE,LAND,0.02
Beta,D02,VINE,WATER,0.98
Beta,D02,VINE,LABOR,0
Beta,D02,VINE,SUPPL,0
Beta,D03,ALFAL,LAND,0
Beta,D03,ALFAL,WATER,1
Beta,D03,ALFAL,LABOR,0
Beta,D03,ALFAL,SUPPL,0
Beta,D03,ALPIS,LAND,0.01
Beta,D03,ALPIS,WATER,0.99
Beta,D03,ALPIS,LABOR,0
Beta,D03,ALPIS,SUPPL,0
Beta,D03,CORN,LAND,0.04
Beta,D03,CORN,WATER,0.96
Beta,D03,CORN,LABOR,0
Beta,D03,CORN,SUPPL,0
Beta,D03,COTTN,LAND,0.01
Beta,D03,COTTN,WATER,0.99
Beta,D03,COTTN,LABOR,0
Beta,D03,COTTN,SUPPL,0
Beta,D03,CUCUR,LAND,0.11
Beta,D03,CUCUR,WATER,0.78
Beta,D03,CUCUR,LABOR,0.11
Beta,D03,CUCUR,SUPPL,0
Beta,D03,DRYBN,LAND,0.11
Beta,D03,DRYBN,WATER,0.89
Beta,D03,DRYBN,LABOR,0
Beta,D03,DRYBN,SUPPL,0
Beta,D03,FRTOM,LAND,0.33
Beta,D03,FRTOM,WATER,0.67
Beta,D03,FRTOM,LABOR,0
Beta,D03,FRTOM,SUPPL,0
Beta,D03,GRAIN,LAND,0.34
Beta,D03,GRAIN,WATER,0.66
Beta,D03,GRAIN,LABOR,0
Beta,D03,GRAIN,SUPPL,0
Beta,D03,ONGAR,LAND,0.1
Beta,D03,ONGAR,WATER,0.9
Beta,D03,ONGAR,LABOR,0
Beta,D03,ONGAR,SUPPL,0
Beta,D03,OTHDEC,LAND,0.03
Beta,D03,OTHDEC,WATER,0.97
Beta,D03,OTHDEC,LABOR,0
Beta,D03,OTHDEC,SUPPL,0
Beta,D03,OTHFLD,LAND,0.01
Beta,D03,OTHFLD,WATER,0.99
Beta,D03,OTHFLD,LABOR,0
Beta,D03,OTHFLD,SUPPL,0
Beta,D03,OTHTRK,LAND,0.98
Beta,D03,OTHTRK,WATER,0.02
Beta,D03,OTHTRK,LABOR,0
Beta,D03,OTHTRK,SUPPL,0
Beta,D03,PASTR,LAND,0
Beta,D03,PASTR,WATER,0
Beta,D03,PASTR,LABOR,0
Beta,D03,PASTR,SUPPL,0
Beta,D03,POTATO,LAND,0.2
Beta,D03,POTATO,WATER,0.8
Beta,D03,POTATO,LABOR,0
Beta,D03,POTATO,SUPPL,0
Beta,D03,PRTOM,LAND,0.19
Beta,D03,PRTOM,WATER,0.81
Beta,D03,PRTOM,LABOR,0
Beta,D03,PRTOM,SUPPL,0
Beta,D03,RICE,LAND,0
Beta,D03,RICE,WATER,0
Beta,D03,RICE,LABOR,0
Beta,D03,RICE,SUPPL,0
Beta,D03,SAFLR,LAND,0.03
Beta,D03,SAFLR,WATER,0.97
Beta,D03,SAFLR,LABOR,0
Beta,D03,SAFLR,SUPPL,0
Beta,D03,SBEET,LAND,0
Beta,D03,SBEET,WATER,0
Beta,D03,SBEET,LABOR,0
Beta,D03,SBEET,SUPPL,0
Beta,D03,SUBTRP,LAND,0.02
Beta,D03,SUBTRP,WATER,0.98
Beta,D03,SUBTRP,LABOR,0
Beta,D03,SUBTRP,SUPPL,0
Beta,D03,VINE,LAND,0.04
Beta,D03,VINE,WATER,0.96
Beta,D03,VINE,LABOR,0
Beta,D03,VINE,SUPPL,0
Beta,D04,ALFAL,LAND,0
Beta,D04,ALFAL,WATER,1
Beta,D04,ALFAL,LABOR,0
Beta,D04,ALFAL,SUPPL,0
Beta,D04,ALPIS,LAND,0
Beta,D04,ALPIS,WATER,0
Beta,D04,ALPIS,LABOR,0
Beta,D04,ALPIS,SUPPL,0
Beta,D04,CORN,LAND,0
Beta,D04,CORN,WATER,0
Beta,D04,CORN,LABOR,0
Beta,D04,CORN,SUPPL,0
Beta,D04,COTTN,LAND,0
Beta,D04,COTTN,WATER,0
Beta,D04,COTTN,LABOR,0
Beta,D04,COTTN,SUPPL,0
Beta,D04,CUCUR,LAND,0
Beta,D04,CUCUR,WATER,0
Beta,D04,CUCUR,LABOR,0
Beta,D04,CUCUR,SUPPL,0
Beta,D04,DRYBN,LAND,0
Beta,D04,DRYBN,WATER,0
Beta,D04,DRYBN,LABOR,0
Beta,D04,DRYBN,SUPPL,0
Beta,D04,FRTOM,LAND,0
Beta,D04,FRTOM,WATER,0
Beta,D04,FRTOM,LABOR,0
Beta,D04,FRTOM,SUPPL,0
Beta,D04,GRAIN,LAND,0
Beta,D04,GRAIN,WATER,0
Beta,D04,GRAIN,LABOR,0
Beta,D04,GRAIN,SUPPL,0
Beta,D04,ONGAR,LAND,0
Beta,D04,ONGAR,WATER,0
Beta,D04,ONGAR,LABOR,0
Beta,D04,ONGAR,SUPPL,1
Beta,D04,OTHDEC,LAND,0
Beta,D04,OTHDEC,WATER,0
Beta,D04,OTHDEC,LABOR,0
Beta,D04,OTHDEC,SUPPL,0
Beta,D04,OTHFLD,LAND,0
Beta,D04,OTHFLD,WATER,0
Beta,D04,OTHFLD,LABOR,0
Beta,D04,OTHFLD,SUPPL,0
Beta,D04,OTHTRK,LAND,0
Beta,D04,OTHTRK,WATER,0
Beta,D04,OTHTRK,LABOR,0
Beta,D04,OTHTRK,SUPPL,1
Beta,D04,PASTR,LAND,0
Beta,D04,PASTR,WATER,0
Beta,D04,PASTR,LABOR,0
Beta,D04,PASTR,SUPPL,0
Beta,D04,POTATO,LAND,0
Beta,D04,POTATO,WATER,0
Beta,D04,POTATO,LABOR,0
Beta,D04,POTATO,SUPPL,0
Beta,D04,PRTOM,LAND,0
Beta,D04,PRTOM,WATER,0
Beta,D04,PRTOM,LABOR,0
Beta,D04,PRTOM,SUPPL,0
Beta,D04,RICE,LAND,0
Beta,D04,RICE,WATER,0
Beta,D04,RICE,LABOR,0
Beta,D04,RICE,SUPPL,0
Beta,D04,SAFLR,LAND,0
Beta,D04,SAFLR,WATER,0
Beta,D04,SAFLR,LABOR,0
Beta,D04,SAFLR,SUPPL,0
Beta,D04,SBEET,LAND,0
Beta,D04,SBEET,WATER,0
Beta,D04,SBEET,LABOR,0
Beta,D04,SBEET,SUPPL,0
Beta,D04,SUBTRP,LAND,0.02
Beta,D04,SUBTRP,WATER,0.92
Beta,D04,SUBTRP,LABOR,0
Beta,D04,SUBTRP,SUPPL,0.05
Beta,D04,VINE,LAND,0
Beta,D04,VINE,WATER,0
Beta,D04,VINE,LABOR,0
Beta,D04,VINE,SUPPL,0
Beta,D01,ALFAL,LAND,0
Beta,D01,ALFAL,WATER,0
Beta,D01,ALFAL,LABOR,0
Beta,D01,ALFAL,SUPPL,0
Beta,D01,ALPIS,LAND,0
Beta,D01,ALPIS,WATER,0
Beta,D01,ALPIS,LABOR,0
Beta,D01,ALPIS,SUPPL,0
Beta,D01,CORN,LAND,0
Beta,D01,CORN,WATER,0
Beta,D01,CORN,LABOR,0
Beta,D01,CORN,SUPPL,0
Beta,D01,COTTN,LAND,0
Beta,D01,COTTN,WATER,0
Beta,D01,COTTN,LABOR,0
Beta,D01,COTTN,SUPPL,0
Beta,D01,CUCUR,LAND,0
Beta,D01,CUCUR,WATER,0
Beta,D01,CUCUR,LABOR,0
Beta,D01,CUCUR,SUPPL,0
Beta,D01,DRYBN,LAND,0
Beta,D01,DRYBN,WATER,0
Beta,D01,DRYBN,LABOR,0
Beta,D01,DRYBN,SUPPL,0
Beta,D01,FRTOM,LAND,0
Beta,D01,FRTOM,WATER,0
Beta,D01,FRTOM,LABOR,0
Beta,D01,FRTOM,SUPPL,0
Beta,D01,GRAIN,LAND,0
Beta,D01,GRAIN,WATER,0
Beta,D01,GRAIN,LABOR,0
Beta,D01,GRAIN,SUPPL,0
Beta,D01,ONGAR,LAND,0
Beta,D01,ONGAR,WATER,0
Beta,D01,ONGAR,LABOR,0
Beta,D01,ONGAR,SUPPL,0
Beta,D01,OTHDEC,LAND,0
Beta,D01,OTHDEC,WATER,0
Beta,D01,OTHDEC,LABOR,0
Beta,D01,OTHDEC,SUPPL,0
Beta,D01,OTHFLD,LAND,0
Beta,D01,OTHFLD,WATER,0
Beta,D01,OTHFLD,LABOR,0
Beta,D01,OTHFLD,SUPPL,0
Beta,D01,OTHTRK,LAND,0
Beta,D01,OTHTRK,WATER,0
Beta,D01,OTHTRK,LABOR,0
Beta,D01,OTHTRK,SUPPL,0
Beta,D01,PASTR,LAND,0
Beta,D01,PASTR,WATER,0
Beta,D01,PASTR,LABOR,0
Beta,D01,PASTR,SUPPL,0
Beta,D01,POTATO,LAND,0
Beta,D01,POTATO,WATER,0
Beta,D01,POTATO,LABOR,0
Beta,D01,POTATO,SUPPL,0
Beta,D01,PRTOM,LAND,0
Beta,D01,PRTOM,WATER,0
Beta,D01,PRTOM,LABOR,0
Beta,D01,PRTOM,SUPPL,0
Beta,D01,RICE,LAND,0
Beta,D01,RICE,WATER,0
Beta,D01,RICE,LABOR,0
Beta,D01,RICE,SUPPL,0
Beta,D01,SAFLR,LAND,0
Beta,D01,SAFLR,WATER,0
Beta,D01,SAFLR,LABOR,0
Beta,D01,SAFLR,SUPPL,0
Beta,D01,SBEET,LAND,0
Beta,D01,SBEET,WATER,0
Beta,D01,SBEET,LABOR,0
Beta,D01,SBEET,SUPPL,0
Beta,D01,SUBTRP,LAND,0
Beta,D01,SUBTRP,WATER,0
Beta,D01,SUBTRP,LABOR,0
Beta,D01,SUBTRP,SUPPL,0
Beta,D01,VINE,LAND,0
Beta,D01,VINE,WATER,0
Beta,D01,VINE,LABOR,0
Beta,D01,VINE,SUPPL,0
Beta,D05,ALFAL,LAND,0
Beta,D05,ALFAL,WATER,0
Beta,D05,ALFAL,LABOR,0
Beta,D05,ALFAL,SUPPL,0
Beta,D05,ALPIS,LAND,0.01
Beta,D05,ALPIS,WATER,0.99
Beta,D05,ALPIS,LABOR,0
Beta,D05,ALPIS,SUPPL,0
Beta,D05,CORN,LAND,0
Beta,D05,CORN,WATER,0
Beta,D05,CORN,LABOR,0
Beta,D05,CORN,SUPPL,0
Beta,D05,COTTN,LAND,0
Beta,D05,COTTN,WATER,0
Beta,D05,COTTN,LABOR,0
Beta,D05,COTTN,SUPPL,0
Beta,D05,CUCUR,LAND,0
Beta,D05,CUCUR,WATER,0
Beta,D05,CUCUR,LABOR,0.99
Beta,D05,CUCUR,SUPPL,0.01
Beta,D05,DRYBN,LAND,0
Beta,D05,DRYBN,WATER,0
Beta,D05,DRYBN,LABOR,0
Beta,D05,DRYBN,SUPPL,0
Beta,D05,FRTOM,LAND,0
Beta,D05,FRTOM,WATER,0
Beta,D05,FRTOM,LABOR,0
Beta,D05,FRTOM,SUPPL,0
Beta,D05,GRAIN,LAND,0.25
Beta,D05,GRAIN,WATER,0.75
Beta,D05,GRAIN,LABOR,0
Beta,D05,GRAIN,SUPPL,0
Beta,D05,ONGAR,LAND,0
Beta,D05,ONGAR,WATER,0
Beta,D05,ONGAR,LABOR,0
Beta,D05,ONGAR,SUPPL,0
Beta,D05,OTHDEC,LAND,0.01
Beta,D05,OTHDEC,WATER,0.99
Beta,D05,OTHDEC,LABOR,0
Beta,D05,OTHDEC,SUPPL,0
Beta,D05,OTHFLD,LAND,0
Beta,D05,OTHFLD,WATER,1
Beta,D05,OTHFLD,LABOR,0
Beta,D05,OTHFLD,SUPPL,0
Beta,D05,OTHTRK,LAND,0.59
Beta,D05,OTHTRK,WATER,0.41
Beta,D05,OTHTRK,LABOR,0
Beta,D05,OTHTRK,SUPPL,0
Beta,D05,PASTR,LAND,0
Beta,D05,PASTR,WATER,0
Beta,D05,PASTR,LABOR,0
Beta,D05,PASTR,SUPPL,0
Beta,D05,POTATO,LAND,0
Beta,D05,POTATO,WATER,0
Beta,D05,POTATO,LABOR,0
Beta,D05,POTATO,SUPPL,0
Beta,D05,PRTOM,LAND,0
Beta,D05,PRTOM,WATER,0
Beta,D05,PRTOM,LABOR,0
Beta,D05,PRTOM,SUPPL,0
Beta,D05,RICE,LAND,0
Beta,D05,RICE,WATER,0
Beta,D05,RICE,LABOR,0
Beta,D05,RICE,SUPPL,0
Beta,D05,SAFLR,LAND,0.01
Beta,D05,SAFLR,WATER,0.99
Beta,D05,SAFLR,LABOR,0
Beta,D05,SAFLR,SUPPL,0
Beta,D05,SBEET,LAND,0
Beta,D05,SBEET,WATER,0
Beta,D05,SBEET,LABOR,0
Beta,D05,SBEET,SUPPL,0
Beta,D05,SUBTRP,LAND,0
Beta,D05,SUBTRP,WATER,0
Beta,D05,SUBTRP,LABOR,0
Beta,D05,SUBTRP,SUPPL,0
Beta,D05,VINE,LAND,0.02
Beta,D05,VINE,WATER,0.97
Beta,D05,VINE,LABOR,0.01
Beta,D05,VINE,SUPPL,0
Beta,D06,ALFAL,LAND,0
Beta,D06,ALFAL,WATER,1
Beta,D06,ALFAL,LABOR,0
Beta,D06,ALFAL,SUPPL,0
Beta,D06,ALPIS,LAND,0.01
Beta,D06,ALPIS,WATER,0.99
Beta,D06,ALPIS,LABOR,0
Beta,D06,ALPIS,SUPPL,0
Beta,D06,CORN,LAND,0.06
Beta,D06,CORN,WATER,0.94
Beta,D06,CORN,LABOR,0
Beta,D06,CORN,SUPPL,0
Beta,D06,COTTN,LAND,0.01
Beta,D06,COTTN,WATER,0.99
Beta,D06,COTTN,LABOR,0
Beta,D06,COTTN,SUPPL,0
Beta,D06,CUCUR,LAND,0
Beta,D06,CUCUR,WATER,0
Beta,D06,CUCUR,LABOR,0.99
Beta,D06,CUCUR,SUPPL,0.01
Beta,D06,DRYBN,LAND,0.08
Beta,D06,DRYBN,WATER,0.92
Beta,D06,DRYBN,LABOR,0
Beta,D06,DRYBN,SUPPL,0
Beta,D06,FRTOM,LAND,0
Beta,D06,FRTOM,WATER,0
Beta,D06,FRTOM,LABOR,0
Beta,D06,FRTOM,SUPPL,0
Beta,D06,GRAIN,LAND,0.45
Beta,D06,GRAIN,WATER,0.55
Beta,D06,GRAIN,LABOR,0
Beta,D06,GRAIN,SUPPL,0
Beta,D06,ONGAR,LAND,0.05
Beta,D06,ONGAR,WATER,0.95
Beta,D06,ONGAR,LABOR,0
Beta,D06,ONGAR,SUPPL,0
Beta,D06,OTHDEC,LAND,0.02
Beta,D06,OTHDEC,WATER,0.98
Beta,D06,OTHDEC,LABOR,0
Beta,D06,OTHDEC,SUPPL,0
Beta,D06,OTHFLD,LAND,0.01
Beta,D06,OTHFLD,WATER,0.99
Beta,D06,OTHFLD,LABOR,0
Beta,D06,OTHFLD,SUPPL,0
Beta,D06,OTHTRK,LAND,0.37
Beta,D06,OTHTRK,WATER,0.63
Beta,D06,OTHTRK,LABOR,0
Beta,D06,OTHTRK,SUPPL,0
Beta,D06,PASTR,LAND,0
Beta,D06,PASTR,WATER,1
Beta,D06,PASTR,LABOR,0
Beta,D06,PASTR,SUPPL,0
Beta,D06,POTATO,LAND,0
Beta,D06,POTATO,WATER,0
Beta,D06,POTATO,LABOR,0
Beta,D06,POTATO,SUPPL,0
Beta,D06,PRTOM,LAND,0.19
Beta,D06,PRTOM,WATER,0.81
Beta,D06,PRTOM,LABOR,0
Beta,D06,PRTOM,SUPPL,0
Beta,D06,RICE,LAND,0
Beta,D06,RICE,WATER,0
Beta,D06,RICE,LABOR,0
Beta,D06,RICE,SUPPL,0
Beta,D06,SAFLR,LAND,0.03
Beta,D06,SAFLR,WATER,0.97
Beta,D06,SAFLR,LABOR,0
Beta,D06,SAFLR,SUPPL,0
Beta,D06,SBEET,LAND,0
Beta,D06,SBEET,WATER,0
Beta,D06,SBEET,LABOR,0
Beta,D06,SBEET,SUPPL,0
Beta,D06,SUBTRP,LAND,0.05
Beta,D06,SUBTRP,WATER,0.95
Beta,D06,SUBTRP,LABOR,0
Beta,D06,SUBTRP,SUPPL,0
Beta,D06,VINE,LAND,0.04
Beta,D06,VINE,WATER,0.96
Beta,D06,VINE,LABOR,0
Beta,D06,VINE,SUPPL,0
Beta,D07,ALFAL,LAND,0
Beta,D07,ALFAL,WATER,1
Beta,D07,ALFAL,LABOR,0
Beta,D07,ALFAL,SUPPL,0
Beta,D07,ALPIS,LAND,0.01
Beta,D07,ALPIS,WATER,0.99
Beta,D07,ALPIS,LABOR,0
Beta,D07,ALPIS,SUPPL,0
Beta,D07,CORN,LAND,0.09
Beta,D07,CORN,WATER,0.91
Beta,D07,CORN,LABOR,0
Beta,D07,CORN,SUPPL,0
Beta,D07,COTTN,LAND,0.01
Beta,D07,COTTN,WATER,0.99
Beta,D07,COTTN,LABOR,0
Beta,D07,COTTN,SUPPL,0
Beta,D07,CUCUR,LAND,0
Beta,D07,CUCUR,WATER,0
Beta,D07,CUCUR,LABOR,0
Beta,D07,CUCUR,SUPPL,0
Beta,D07,DRYBN,LAND,0.16
Beta,D07,DRYBN,WATER,0.84
Beta,D07,DRYBN,LABOR,0
Beta,D07,DRYBN,SUPPL,0
Beta,D07,FRTOM,LAND,0
Beta,D07,FRTOM,WATER,0
Beta,D07,FRTOM,LABOR,0
Beta,D07,FRTOM,SUPPL,0
Beta,D07,GRAIN,LAND,0.49
Beta,D07,GRAIN,WATER,0.51
Beta,D07,GRAIN,LABOR,0
Beta,D07,GRAIN,SUPPL,0
Beta,D07,ONGAR,LAND,0.04
Beta,D07,ONGAR,WATER,0.51
Beta,D07,ONGAR,LABOR,0
Beta,D07,ONGAR,SUPPL,0.46
Beta,D07,OTHDEC,LAND,0
Beta,D07,OTHDEC,WATER,0
Beta,D07,OTHDEC,LABOR,0
Beta,D07,OTHDEC,SUPPL,0
Beta,D07,OTHFLD,LAND,0.02
Beta,D07,OTHFLD,WATER,0.98
Beta,D07,OTHFLD,LABOR,0
Beta,D07,OTHFLD,SUPPL,0
Beta,D07,OTHTRK,LAND,0.49
Beta,D07,OTHTRK,WATER,0.51
Beta,D07,OTHTRK,LABOR,0
Beta,D07,OTHTRK,SUPPL,0
Beta,D07,PASTR,LAND,0
Beta,D07,PASTR,WATER,1
Beta,D07,PASTR,LABOR,0
Beta,D07,PASTR,SUPPL,0
Beta,D07,POTATO,LAND,0.65
Beta,D07,POTATO,WATER,0.35
Beta,D07,POTATO,LABOR,0
Beta,D07,POTATO,SUPPL,0
Beta,D07,PRTOM,LAND,0
Beta,D07,PRTOM,WATER,0.01
Beta,D07,PRTOM,LABOR,0
Beta,D07,PRTOM,SUPPL,0.99
Beta,D07,RICE,LAND,0
Beta,D07,RICE,WATER,0
Beta,D07,RICE,LABOR,0
Beta,D07,RICE,SUPPL,0
Beta,D07,SAFLR,LAND,0
Beta,D07,SAFLR,WATER,0
Beta,D07,SAFLR,LABOR,0
Beta,D07,SAFLR,SUPPL,0
Beta,D07,SBEET,LAND,0
Beta,D07,SBEET,WATER,0
Beta,D07,SBEET,LABOR,0
Beta,D07,SBEET,SUPPL,0
Beta,D07,SUBTRP,LAND,0
Beta,D07,SUBTRP,WATER,0
Beta,D07,SUBTRP,LABOR,0
Beta,D07,SUBTRP,SUPPL,0
Beta,D07,VINE,LAND,0.03
Beta,D07,VINE,WATER,0.97
Beta,D07,VINE,LABOR,0
Beta,D07,VINE,SUPPL,0
Beta,D08,ALFAL,LAND,0
Beta,D08,ALFAL,WATER,1
Beta,D08,ALFAL,LABOR,0
Beta,D08,ALFAL,SUPPL,0
Beta,D08,ALPIS,LAND,0.03
Beta,D08,ALPIS,WATER,0.97
Beta,D08,ALPIS,LABOR,0
Beta,D08,ALPIS,SUPPL,0
Beta,D08,CORN,LAND,0.2
Beta,D08,CORN,WATER,0.8
Beta,D08,CORN,LABOR,0
Beta,D08,CORN,SUPPL,0
Beta,D08,COTTN,LAND,0.02
Beta,D08,COTTN,WATER,0.98
Beta,D08,COTTN,LABOR,0
Beta,D08,COTTN,SUPPL,0
Beta,D08,CUCUR,LAND,0
Beta,D08,CUCUR,WATER,0
Beta,D08,CUCUR,LABOR,0.99
Beta,D08,CUCUR,SUPPL,0.01
Beta,D08,DRYBN,LAND,0
Beta,D08,DRYBN,WATER,0
Beta,D08,DRYBN,LABOR,0
Beta,D08,DRYBN,SUPPL,0
Beta,D08,FRTOM,LAND,0
Beta,D08,FRTOM,WATER,0
Beta,D08,FRTOM,LABOR,0
Beta,D08,FRTOM,SUPPL,0
Beta,D08,GRAIN,LAND,0.76
Beta,D08,GRAIN,WATER,0.24
Beta,D08,GRAIN,LABOR,0
Beta,D08,GRAIN,SUPPL,0
Beta,D08,ONGAR,LAND,0.15
Beta,D08,ONGAR,WATER,0.85
Beta,D08,ONGAR,LABOR,0
Beta,D08,ONGAR,SUPPL,0
Beta,D08,OTHDEC,LAND,0.07
Beta,D08,OTHDEC,WATER,0.93
Beta,D08,OTHDEC,LABOR,0
Beta,D08,OTHDEC,SUPPL,0
Beta,D08,OTHFLD,LAND,0.04
Beta,D08,OTHFLD,WATER,0.96
Beta,D08,OTHFLD,LABOR,0
Beta,D08,OTHFLD,SUPPL,0
Beta,D08,OTHTRK,LAND,0
Beta,D08,OTHTRK,WATER,0
Beta,D08,OTHTRK,LABOR,0
Beta,D08,OTHTRK,SUPPL,0
Beta,D08,PASTR,LAND,0
Beta,D08,PASTR,WATER,0
Beta,D08,PASTR,LABOR,0
Beta,D08,PASTR,SUPPL,0
Beta,D08,POTATO,LAND,0
Beta,D08,POTATO,WATER,0
Beta,D08,POTATO,LABOR,0
Beta,D08,POTATO,SUPPL,0
Beta,D08,PRTOM,LAND,0.44
Beta,D08,PRTOM,WATER,0.56
Beta,D08,PRTOM,LABOR,0
Beta,D08,PRTOM,SUPPL,0
Beta,D08,RICE,LAND,0
Beta,D08,RICE,WATER,0
Beta,D08,RICE,LABOR,0
Beta,D08,RICE,SUPPL,0
Beta,D08,SAFLR,LAND,0
Beta,D08,SAFLR,WATER,0
Beta,D08,SAFLR,LABOR,0
Beta,D08,SAFLR,SUPPL,0
Beta,D08,SBEET,LAND,0
Beta,D08,SBEET,WATER,0
Beta,D08,SBEET,LABOR,0
Beta,D08,SBEET,SUPPL,0
Beta,D08,SUBTRP,LAND,0
Beta,D08,SUBTRP,WATER,0.02
Beta,D08,SUBTRP,LABOR,0
Beta,D08,SUBTRP,SUPPL,0.98
Beta,D08,VINE,LAND,0.11
Beta,D08,VINE,WATER,0.89
Beta,D08,VINE,LABOR,0
Beta,D08,VINE,SUPPL,0
Beta,D09,ALFAL,LAND,0
Beta,D09,ALFAL,WATER,0
Beta,D09,ALFAL,LABOR,0
Beta,D09,ALFAL,SUPPL,0
Beta,D09,ALPIS,LAND,0
Beta,D09,ALPIS,WATER,1
Beta,D09,ALPIS,LABOR,0
Beta,D09,ALPIS,SUPPL,0
Beta,D09,CORN,LAND,0
Beta,D09,CORN,WATER,0
Beta,D09,CORN,LABOR,0
Beta,D09,CORN,SUPPL,0
Beta,D09,COTTN,LAND,0
Beta,D09,COTTN,WATER,0
Beta,D09,COTTN,LABOR,0
Beta,D09,COTTN,SUPPL,0
Beta,D09,CUCUR,LAND,0
Beta,D09,CUCUR,WATER,0
Beta,D09,CUCUR,LABOR,0.99
Beta,D09,CUCUR,SUPPL,0.01
Beta,D09,DRYBN,LAND,0
Beta,D09,DRYBN,WATER,0
Beta,D09,DRYBN,LABOR,0
Beta,D09,DRYBN,SUPPL,0
Beta,D09,FRTOM,LAND,0
Beta,D09,FRTOM,WATER,0
Beta,D09,FRTOM,LABOR,0
Beta,D09,FRTOM,SUPPL,0
Beta,D09,GRAIN,LAND,0.06
Beta,D09,GRAIN,WATER,0.94
Beta,D09,GRAIN,LABOR,0
Beta,D09,GRAIN,SUPPL,0
Beta,D09,ONGAR,LAND,0
Beta,D09,ONGAR,WATER,0
Beta,D09,ONGAR,LABOR,0
Beta,D09,ONGAR,SUPPL,0
Beta,D09,OTHDEC,LAND,0
Beta,D09,OTHDEC,WATER,1
Beta,D09,OTHDEC,LABOR,0
Beta,D09,OTHDEC,SUPPL,0
Beta,D09,OTHFLD,LAND,0
Beta,D09,OTHFLD,WATER,0
Beta,D09,OTHFLD,LABOR,0
Beta,D09,OTHFLD,SUPPL,0
Beta,D09,OTHTRK,LAND,0.01
Beta,D09,OTHTRK,WATER,0.02
Beta,D09,OTHTRK,LABOR,0
Beta,D09,OTHTRK,SUPPL,0.98
Beta,D09,PASTR,LAND,0
Beta,D09,PASTR,WATER,0
Beta,D09,PASTR,LABOR,0
Beta,D09,PASTR,SUPPL,0
Beta,D09,POTATO,LAND,0.03
Beta,D09,POTATO,WATER,0.14
Beta,D09,POTATO,LABOR,0
Beta,D09,POTATO,SUPPL,0.83
Beta,D09,PRTOM,LAND,0
Beta,D09,PRTOM,WATER,0
Beta,D09,PRTOM,LABOR,0
Beta,D09,PRTOM,SUPPL,0
Beta,D09,RICE,LAND,0
Beta,D09,RICE,WATER,0
Beta,D09,RICE,LABOR,0
Beta,D09,RICE,SUPPL,0
Beta,D09,SAFLR,LAND,0
Beta,D09,SAFLR,WATER,0
Beta,D09,SAFLR,LABOR,0
Beta,D09,SAFLR,SUPPL,0
Beta,D09,SBEET,LAND,0
Beta,D09,SBEET,WATER,0
Beta,D09,SBEET,LABOR,0
Beta,D09,SBEET,SUPPL,0
Beta,D09,SUBTRP,LAND,0
Beta,D09,SUBTRP,WATER,1
Beta,D09,SUBTRP,LABOR,0
Beta,D09,SUBTRP,SUPPL,0
Beta,D09,VINE,LAND,0.01
Beta,D09,VINE,WATER,0.99
Beta,D09,VINE,LABOR,0
Beta,D09,VINE,SUPPL,0
Beta,D10,ALFAL,LAND,0
Beta,D10,ALFAL,WATER,0
Beta,D10,ALFAL,LABOR,0
Beta,D10,ALFAL,SUPPL,0
Beta,D10,ALPIS,LAND,0
Beta,D10,ALPIS,WATER,0
Beta,D10,ALPIS,LABOR,0
Beta,D10,ALPIS,SUPPL,0
Beta,D10,CORN,LAND,0
Beta,D10,CORN,WATER,0
Beta,D10,CORN,LABOR,0
Beta,D10,CORN,SUPPL,0
Beta,D10,COTTN,LAND,0
Beta,D10,COTTN,WATER,1
Beta,D10,COTTN,LABOR,0
Beta,D10,COTTN,SUPPL,0
Beta,D10,CUCUR,LAND,0
Beta,D10,CUCUR,WATER,0
Beta,D10,CUCUR,LABOR,0
Beta,D10,CUCUR,SUPPL,0
Beta,D10,DRYBN,LAND,0.03
Beta,D10,DRYBN,WATER,0.97
Beta,D10,DRYBN,LABOR,0
Beta,D10,DRYBN,SUPPL,0
Beta,D10,FRTOM,LAND,0
Beta,D10,FRTOM,WATER,0
Beta,D10,FRTOM,LABOR,0
Beta,D10,FRTOM,SUPPL,0
Beta,D10,GRAIN,LAND,0.15
Beta,D10,GRAIN,WATER,0.85
Beta,D10,GRAIN,LABOR,0
Beta,D10,GRAIN,SUPPL,0
Beta,D10,ONGAR,LAND,0.02
Beta,D10,ONGAR,WATER,0.97
Beta,D10,ONGAR,LABOR,0
Beta,D10,ONGAR,SUPPL,0.01
Beta,D10,OTHDEC,LAND,0
Beta,D10,OTHDEC,WATER,0
Beta,D10,OTHDEC,LABOR,0
Beta,D10,OTHDEC,SUPPL,0
Beta,D10,OTHFLD,LAND,0
Beta,D10,OTHFLD,WATER,0
Beta,D10,OTHFLD,LABOR,0
Beta,D10,OTHFLD,SUPPL,0
Beta,D10,OTHTRK,LAND,0
Beta,D10,OTHTRK,WATER,0
Beta,D10,OTHTRK,LABOR,0
Beta,D10,OTHTRK,SUPPL,0
Beta,D10,PASTR,LAND,0
Beta,D10,PASTR,WATER,0
Beta,D10,PASTR,LABOR,0
Beta,D10,PASTR,SUPPL,0
Beta,D10,POTATO,LAND,0
Beta,D10,POTATO,WATER,0
Beta,D10,POTATO,LABOR,0
Beta,D10,POTATO,SUPPL,0
Beta,D10,PRTOM,LAND,0.08
Beta,D10,PRTOM,WATER,0.92
Beta,D10,PRTOM,LABOR,0
Beta,D10,PRTOM,SUPPL,0
Beta,D10,RICE,LAND,0
Beta,D10,RICE,WATER,0
Beta,D10,RICE,LABOR,0
Beta,D10,RICE,SUPPL,0
Beta,D10,SAFLR,LAND,0
Beta,D10,SAFLR,WATER,1
Beta,D10,SAFLR,LABOR,0
Beta,D10,SAFLR,SUPPL,0
Beta,D10,SBEET,LAND,0
Beta,D10,SBEET,WATER,0
Beta,D10,SBEET,LABOR,0
Beta,D10,SBEET,SUPPL,0
Beta,D10,SUBTRP,LAND,0
Beta,D10,SUBTRP,WATER,0
Beta,D10,SUBTRP,LABOR,0
Beta,D10,SUBTRP,SUPPL,0
Beta,D10,VINE,LAND,0
Beta,D10,VINE,WATER,0
Beta,D10,VINE,LABOR,0
Beta,D10,VINE,SUPPL,0
Beta,D11,ALFAL,LAND,0
Beta,D11,ALFAL,WATER,0.88
Beta,D11,ALFAL,LABOR,0
Beta,D11,ALFAL,SUPPL,0.11
Beta,D11,ALPIS,LAND,0.01
Beta,D11,ALPIS,WATER,0.99
Beta,D11,ALPIS,LABOR,0
Beta,D11,ALPIS,SUPPL,0
Beta,D11,CORN,LAND,0
Beta,D11,CORN,WATER,0
Beta,D11,CORN,LABOR,0
Beta,D11,CORN,SUPPL,0
Beta,D11,COTTN,LAND,0
Beta,D11,COTTN,WATER,0
Beta,D11,COTTN,LABOR,0
Beta,D11,COTTN,SUPPL,0
Beta,D11,CUCUR,LAND,0
Beta,D11,CUCUR,WATER,0
Beta,D11,CUCUR,LABOR,0
Beta,D11,CUCUR,SUPPL,0
Beta,D11,DRYBN,LAND,0
Beta,D11,DRYBN,WATER,0
Beta,D11,DRYBN,LABOR,0
Beta,D11,DRYBN,SUPPL,0
Beta,D11,FRTOM,LAND,0
Beta,D11,FRTOM,WATER,0
Beta,D11,FRTOM,LABOR,0
Beta,D11,FRTOM,SUPPL,0
Beta,D11,GRAIN,LAND,0.38
Beta,D11,GRAIN,WATER,0.62
Beta,D11,GRAIN,LABOR,0
Beta,D11,GRAIN,SUPPL,0
Beta,D11,ONGAR,LAND,0
Beta,D11,ONGAR,WATER,0
Beta,D11,ONGAR,LABOR,0
Beta,D11,ONGAR,SUPPL,0
Beta,D11,OTHDEC,LAND,0.02
Beta,D11,OTHDEC,WATER,0.98
Beta,D11,OTHDEC,LABOR,0
Beta,D11,OTHDEC,SUPPL,0
Beta,D11,OTHFLD,LAND,0
Beta,D11,OTHFLD,WATER,0
Beta,D11,OTHFLD,LABOR,0
Beta,D11,OTHFLD,SUPPL,0
Beta,D11,OTHTRK,LAND,0
Beta,D11,OTHTRK,WATER,0
Beta,D11,OTHTRK,LABOR,0
Beta,D11,OTHTRK,SUPPL,0
Beta,D11,PASTR,LAND,0
Beta,D11,PASTR,WATER,1
Beta,D11,PASTR,LABOR,0
Beta,D11,PASTR,SUPPL,0
Beta,D11,POTATO,LAND,0
Beta,D11,POTATO,WATER,0
Beta,D11,POTATO,LABOR,0
Beta,D11,POTATO,SUPPL,0
Beta,D11,PRTOM,LAND,0
Beta,D11,PRTOM,WATER,0
Beta,D11,PRTOM,LABOR,0
Beta,D11,PRTOM,SUPPL,0
Beta,D11,RICE,LAND,0
Beta,D11,RICE,WATER,0
Beta,D11,RICE,LABOR,0
Beta,D11,RICE,SUPPL,0
Beta,D11,SAFLR,LAND,0.02
Beta,D11,SAFLR,WATER,0.98
Beta,D11,SAFLR,LABOR,0
Beta,D11,SAFLR,SUPPL,0
Beta,D11,SBEET,LAND,0
Beta,D11,SBEET,WATER,0
Beta,D11,SBEET,LABOR,0
Beta,D11,SBEET,SUPPL,0
Beta,D11,SUBTRP,LAND,0
Beta,D11,SUBTRP,WATER,0
Beta,D11,SUBTRP,LABOR,0
Beta,D11,SUBTRP,SUPPL,0
Beta,D11,VINE,LAND,0.03
Beta,D11,VINE,WATER,0.97
Beta,D11,VINE,LABOR,0
Beta,D11,VINE,SUPPL,0
Beta,fk13,ALFAL,LAND,0
Beta,fk13,ALFAL,WATER,1
Beta,fk13,ALFAL,LABOR,0
Beta,fk13,ALFAL,SUPPL,0
Beta,fk13,ALPIS,LAND,0.04
Beta,fk13,ALPIS,WATER,0.96
Beta,fk13,ALPIS,LABOR,0
Beta,fk13,ALPIS,SUPPL,0
Beta,fk13,CORN,LAND,0.14
Beta,fk13,CORN,WATER,0.86
Beta,fk13,CORN,LABOR,0
Beta,fk13,CORN,SUPPL,0
Beta,fk13,COTTN,LAND,0
Beta,fk13,COTTN,WATER,0
Beta,fk13,COTTN,LABOR,0
Beta,fk13,COTTN,SUPPL,0
Beta,fk13,CUCUR,LAND,0
Beta,fk13,CUCUR,WATER,0
Beta,fk13,CUCUR,LABOR,0
Beta,fk13,CUCUR,SUPPL,0
Beta,fk13,DRYBN,LAND,0.25
Beta,fk13,DRYBN,WATER,0.75
Beta,fk13,DRYBN,LABOR,0
Beta,fk13,DRYBN,SUPPL,0
Beta,fk13,FRTOM,LAND,0
Beta,fk13,FRTOM,WATER,0
Beta,fk13,FRTOM,LABOR,0
Beta,fk13,FRTOM,SUPPL,0
Beta,fk13,GRAIN,LAND,0
Beta,fk13,GRAIN,WATER,0
Beta,fk13,GRAIN,LABOR,0
Beta,fk13,GRAIN,SUPPL,0
Beta,fk13,ONGAR,LAND,0
Beta,fk13,ONGAR,WATER,0
Beta,fk13,ONGAR,LABOR,0
Beta,fk13,ONGAR,SUPPL,0
Beta,fk13,OTHDEC,LAND,0.06
Beta,fk13,OTHDEC,WATER,0.94
Beta,fk13,OTHDEC,LABOR,0
Beta,fk13,OTHDEC,SUPPL,0
Beta,fk13,OTHFLD,LAND,0
Beta,fk13,OTHFLD,WATER,0
Beta,fk13,OTHFLD,LABOR,0
Beta,fk13,OTHFLD,SUPPL,0
Beta,fk13,OTHTRK,LAND,0
Beta,fk13,OTHTRK,WATER,0
Beta,fk13,OTHTRK,LABOR,0
Beta,fk13,OTHTRK,SUPPL,1
Beta,fk13,PASTR,LAND,0
Beta,fk13,PASTR,WATER,1
Beta,fk13,PASTR,LABOR,0
Beta,fk13,PASTR,SUPPL,0
Beta,fk13,POTATO,LAND,0
Beta,fk13,POTATO,WATER,0
Beta,fk13,POTATO,LABOR,0
Beta,fk13,POTATO,SUPPL,0
Beta,fk13,PRTOM,LAND,0
Beta,fk13,PRTOM,WATER,0
Beta,fk13,PRTOM,LABOR,0
Beta,fk13,PRTOM,SUPPL,0
Beta,fk13,RICE,LAND,0
Beta,fk13,RICE,WATER,0
Beta,fk13,RICE,LABOR,0
Beta,fk13,RICE,SUPPL,0
Beta,fk13,SAFLR,LAND,0
Beta,fk13,SAFLR,WATER,0
Beta,fk13,SAFLR,LABOR,0
Beta,fk13,SAFLR,SUPPL,0
Beta,fk13,SBEET,LAND,0
Beta,fk13,SBEET,WATER,0
Beta,fk13,SBEET,LABOR,0
Beta,fk13,SBEET,SUPPL,0
Beta,fk13,SUBTRP,LAND,0
Beta,fk13,SUBTRP,WATER,0.01
Beta,fk13,SUBTRP,LABOR,0
Beta,fk13,SUBTRP,SUPPL,0.99
Beta,fk13,VINE,LAND,0.08
Beta,fk13,VINE,WATER,0.92
Beta,fk13,VINE,LABOR,0
Beta,fk13,VINE,SUPPL,0
Beta,fk08,ALFAL,LAND,0
Beta,fk08,ALFAL,WATER,1
Beta,fk08,ALFAL,LABOR,0
Beta,fk08,ALFAL,SUPPL,0
Beta,fk08,ALPIS,LAND,0.02
Beta,fk08,ALPIS,WATER,0.98
Beta,fk08,ALPIS,LABOR,0
Beta,fk08,ALPIS,SUPPL,0
Beta,fk08,CORN,LAND,0.07
Beta,fk08,CORN,WATER,0.93
Beta,fk08,CORN,LABOR,0
Beta,fk08,CORN,SUPPL,0
Beta,fk08,COTTN,LAND,0
Beta,fk08,COTTN,WATER,0
Beta,fk08,COTTN,LABOR,0
Beta,fk08,COTTN,SUPPL,0
Beta,fk08,CUCUR,LAND,0
Beta,fk08,CUCUR,WATER,0
Beta,fk08,CUCUR,LABOR,0
Beta,fk08,CUCUR,SUPPL,0
Beta,fk08,DRYBN,LAND,0
Beta,fk08,DRYBN,WATER,0
Beta,fk08,DRYBN,LABOR,0
Beta,fk08,DRYBN,SUPPL,0
Beta,fk08,FRTOM,LAND,0
Beta,fk08,FRTOM,WATER,0
Beta,fk08,FRTOM,LABOR,0
Beta,fk08,FRTOM,SUPPL,0
Beta,fk08,GRAIN,LAND,0.25
Beta,fk08,GRAIN,WATER,0.12
Beta,fk08,GRAIN,LABOR,0
Beta,fk08,GRAIN,SUPPL,0.63
Beta,fk08,ONGAR,LAND,0
Beta,fk08,ONGAR,WATER,0
Beta,fk08,ONGAR,LABOR,0
Beta,fk08,ONGAR,SUPPL,0
Beta,fk08,OTHDEC,LAND,0.03
Beta,fk08,OTHDEC,WATER,0.97
Beta,fk08,OTHDEC,LABOR,0
Beta,fk08,OTHDEC,SUPPL,0
Beta,fk08,OTHFLD,LAND,0
Beta,fk08,OTHFLD,WATER,0
Beta,fk08,OTHFLD,LABOR,0
Beta,fk08,OTHFLD,SUPPL,0
Beta,fk08,OTHTRK,LAND,0
Beta,fk08,OTHTRK,WATER,0
Beta,fk08,OTHTRK,LABOR,0
Beta,fk08,OTHTRK,SUPPL,0
Beta,fk08,PASTR,LAND,0
Beta,fk08,PASTR,WATER,0
Beta,fk08,PASTR,LABOR,0
Beta,fk08,PASTR,SUPPL,0
Beta,fk08,POTATO,LAND,0
Beta,fk08,POTATO,WATER,0
Beta,fk08,POTATO,LABOR,0
Beta,fk08,POTATO,SUPPL,0
Beta,fk08,PRTOM,LAND,0
Beta,fk08,PRTOM,WATER,0
Beta,fk08,PRTOM,LABOR,0
Beta,fk08,PRTOM,SUPPL,0
Beta,fk08,RICE,LAND,0
Beta,fk08,RICE,WATER,0
Beta,fk08,RICE,LABOR,0
Beta,fk08,RICE,SUPPL,0
Beta,fk08,SAFLR,LAND,0
Beta,fk08,SAFLR,WATER,0
Beta,fk08,SAFLR,LABOR,0
Beta,fk08,SAFLR,SUPPL,0
Beta,fk08,SBEET,LAND,0
Beta,fk08,SBEET,WATER,0
Beta,fk08,SBEET,LABOR,0
Beta,fk08,SBEET,SUPPL,0
Beta,fk08,SUBTRP,LAND,0.05
Beta,fk08,SUBTRP,WATER,0.95
Beta,fk08,SUBTRP,LABOR,0
Beta,fk08,SUBTRP,SUPPL,0
Beta,fk08,VINE,LAND,0.04
Beta,fk08,VINE,WATER,0.96
Beta,fk08,VINE,LABOR,0
Beta,fk08,VINE,SUPPL,0
Beta,fk01,ALFAL,LAND,0
Beta,fk01,ALFAL,WATER,0.99
Beta,fk01,ALFAL,LABOR,0
Beta,fk01,ALFAL,SUPPL,0.01
Beta,fk01,ALPIS,LAND,0.02
Beta,fk01,ALPIS,WATER,0.98
Beta,fk01,ALPIS,LABOR,0
Beta,fk01,ALPIS,SUPPL,0
Beta,fk01,CORN,LAND,0.06
Beta,fk01,CORN,WATER,0.65
Beta,fk01,CORN,LABOR,0
Beta,fk01,CORN,SUPPL,0.29
Beta,fk01,COTTN,LAND,0
Beta,fk01,COTTN,WATER,0
Beta,fk01,COTTN,LABOR,0
Beta,fk01,COTTN,SUPPL,0
Beta,fk01,CUCUR,LAND,0
Beta,fk01,CUCUR,WATER,0
Beta,fk01,CUCUR,LABOR,0.99
Beta,fk01,CUCUR,SUPPL,0.01
Beta,fk01,DRYBN,LAND,0.15
Beta,fk01,DRYBN,WATER,0.81
Beta,fk01,DRYBN,LABOR,0
Beta,fk01,DRYBN,SUPPL,0.04
Beta,fk01,FRTOM,LAND,0
Beta,fk01,FRTOM,WATER,0
Beta,fk01,FRTOM,LABOR,0
Beta,fk01,FRTOM,SUPPL,0
Beta,fk01,GRAIN,LAND,0
Beta,fk01,GRAIN,WATER,0
Beta,fk01,GRAIN,LABOR,0
Beta,fk01,GRAIN,SUPPL,0
Beta,fk01,ONGAR,LAND,0
Beta,fk01,ONGAR,WATER,0
Beta,fk01,ONGAR,LABOR,0
Beta,fk01,ONGAR,SUPPL,0
Beta,fk01,OTHDEC,LAND,0.04
Beta,fk01,OTHDEC,WATER,0.96
Beta,fk01,OTHDEC,LABOR,0
Beta,fk01,OTHDEC,SUPPL,0
Beta,fk01,OTHFLD,LAND,0
Beta,fk01,OTHFLD,WATER,0
Beta,fk01,OTHFLD,LABOR,0
Beta,fk01,OTHFLD,SUPPL,0
Beta,fk01,OTHTRK,LAND,0.78
Beta,fk01,OTHTRK,WATER,0
Beta,fk01,OTHTRK,LABOR,0
Beta,fk01,OTHTRK,SUPPL,0.22
Beta,fk01,PASTR,LAND,0
Beta,fk01,PASTR,WATER,0
Beta,fk01,PASTR,LABOR,0
Beta,fk01,PASTR,SUPPL,0
Beta,fk01,POTATO,LAND,0
Beta,fk01,POTATO,WATER,0
Beta,fk01,POTATO,LABOR,0
Beta,fk01,POTATO,SUPPL,0
Beta,fk01,PRTOM,LAND,0
Beta,fk01,PRTOM,WATER,0
Beta,fk01,PRTOM,LABOR,0
Beta,fk01,PRTOM,SUPPL,0
Beta,fk01,RICE,LAND,0
Beta,fk01,RICE,WATER,0
Beta,fk01,RICE,LABOR,0
Beta,fk01,RICE,SUPPL,0
Beta,fk01,SAFLR,LAND,0
Beta,fk01,SAFLR,WATER,0
Beta,fk01,SAFLR,LABOR,0
Beta,fk01,SAFLR,SUPPL,0
Beta,fk01,SBEET,LAND,0
Beta,fk01,SBEET,WATER,0
Beta,fk01,SBEET,LABOR,0
Beta,fk01,SBEET,SUPPL,0
Beta,fk01,SUBTRP,LAND,0.06
Beta,fk01,SUBTRP,WATER,0.94
Beta,fk01,SUBTRP,LABOR,0
Beta,fk01,SUBTRP,SUPPL,0
Beta,fk01,VINE,LAND,0.05
Beta,fk01,VINE,WATER,0.95
Beta,fk01,VINE,LABOR,0
Beta,fk01,VINE,SUPPL,0
Beta,fk06,ALFAL,LAND,0
Beta,fk06,ALFAL,WATER,1
Beta,fk06,ALFAL,LABOR,0
Beta,fk06,ALFAL,SUPPL,0
Beta,fk06,ALPIS,LAND,0.02
Beta,fk06,ALPIS,WATER,0.98
Beta,fk06,ALPIS,LABOR,0
Beta,fk06,ALPIS,SUPPL,0
Beta,fk06,CORN,LAND,0.08
Beta,fk06,CORN,WATER,0.92
Beta,fk06,CORN,LABOR,0
Beta,fk06,CORN,SUPPL,0
Beta,fk06,COTTN,LAND,0
Beta,fk06,COTTN,WATER,0
Beta,fk06,COTTN,LABOR,0
Beta,fk06,COTTN,SUPPL,0
Beta,fk06,CUCUR,LAND,0
Beta,fk06,CUCUR,WATER,0
Beta,fk06,CUCUR,LABOR,0
Beta,fk06,CUCUR,SUPPL,0
Beta,fk06,DRYBN,LAND,0.14
Beta,fk06,DRYBN,WATER,0.86
Beta,fk06,DRYBN,LABOR,0
Beta,fk06,DRYBN,SUPPL,0
Beta,fk06,FRTOM,LAND,0.05
Beta,fk06,FRTOM,WATER,0.01
Beta,fk06,FRTOM,LABOR,0
Beta,fk06,FRTOM,SUPPL,0.94
Beta,fk06,GRAIN,LAND,0.69
Beta,fk06,GRAIN,WATER,0.31
Beta,fk06,GRAIN,LABOR,0
Beta,fk06,GRAIN,SUPPL,0
Beta,fk06,ONGAR,LAND,0
Beta,fk06,ONGAR,WATER,0
Beta,fk06,ONGAR,LABOR,0
Beta,fk06,ONGAR,SUPPL,0
Beta,fk06,OTHDEC,LAND,0.03
Beta,fk06,OTHDEC,WATER,0.97
Beta,fk06,OTHDEC,LABOR,0
Beta,fk06,OTHDEC,SUPPL,0
Beta,fk06,OTHFLD,LAND,0
Beta,fk06,OTHFLD,WATER,0
Beta,fk06,OTHFLD,LABOR,0
Beta,fk06,OTHFLD,SUPPL,0
Beta,fk06,OTHTRK,LAND,0.83
Beta,fk06,OTHTRK,WATER,0
Beta,fk06,OTHTRK,LABOR,0
Beta,fk06,OTHTRK,SUPPL,0.16
Beta,fk06,PASTR,LAND,0
Beta,fk06,PASTR,WATER,1
Beta,fk06,PASTR,LABOR,0
Beta,fk06,PASTR,SUPPL,0
Beta,fk06,POTATO,LAND,0
Beta,fk06,POTATO,WATER,0
Beta,fk06,POTATO,LABOR,0
Beta,fk06,POTATO,SUPPL,0
Beta,fk06,PRTOM,LAND,0
Beta,fk06,PRTOM,WATER,0
Beta,fk06,PRTOM,LABOR,0
Beta,fk06,PRTOM,SUPPL,0
Beta,fk06,RICE,LAND,0
Beta,fk06,RICE,WATER,0
Beta,fk06,RICE,LABOR,0
Beta,fk06,RICE,SUPPL,0
Beta,fk06,SAFLR,LAND,0
Beta,fk06,SAFLR,WATER,0
Beta,fk06,SAFLR,LABOR,0
Beta,fk06,SAFLR,SUPPL,0
Beta,fk06,SBEET,LAND,0
Beta,fk06,SBEET,WATER,0
Beta,fk06,SBEET,LABOR,0
Beta,fk06,SBEET,SUPPL,0
Beta,fk06,SUBTRP,LAND,0.04
Beta,fk06,SUBTRP,WATER,0.63
Beta,fk06,SUBTRP,LABOR,0
Beta,fk06,SUBTRP,SUPPL,0.33
Beta,fk06,VINE,LAND,0.04
Beta,fk06,VINE,WATER,0.96
Beta,fk06,VINE,LABOR,0
Beta,fk06,VINE,SUPPL,0
Beta,fk03,ALFAL,LAND,0
Beta,fk03,ALFAL,WATER,1
Beta,fk03,ALFAL,LABOR,0
Beta,fk03,ALFAL,SUPPL,0
Beta,fk03,ALPIS,LAND,0
Beta,fk03,ALPIS,WATER,1
Beta,fk03,ALPIS,LABOR,0
Beta,fk03,ALPIS,SUPPL,0
Beta,fk03,CORN,LAND,0
Beta,fk03,CORN,WATER,0
Beta,fk03,CORN,LABOR,0
Beta,fk03,CORN,SUPPL,0
Beta,fk03,COTTN,LAND,0
Beta,fk03,COTTN,WATER,0
Beta,fk03,COTTN,LABOR,0
Beta,fk03,COTTN,SUPPL,0
Beta,fk03,CUCUR,LAND,0
Beta,fk03,CUCUR,WATER,0
Beta,fk03,CUCUR,LABOR,0
Beta,fk03,CUCUR,SUPPL,0
Beta,fk03,DRYBN,LAND,0
Beta,fk03,DRYBN,WATER,0
Beta,fk03,DRYBN,LABOR,0
Beta,fk03,DRYBN,SUPPL,0
Beta,fk03,FRTOM,LAND,0
Beta,fk03,FRTOM,WATER,0
Beta,fk03,FRTOM,LABOR,0
Beta,fk03,FRTOM,SUPPL,0
Beta,fk03,GRAIN,LAND,0
Beta,fk03,GRAIN,WATER,0
Beta,fk03,GRAIN,LABOR,0
Beta,fk03,GRAIN,SUPPL,0
Beta,fk03,ONGAR,LAND,0
Beta,fk03,ONGAR,WATER,0
Beta,fk03,ONGAR,LABOR,0
Beta,fk03,ONGAR,SUPPL,0
Beta,fk03,OTHDEC,LAND,0.01
Beta,fk03,OTHDEC,WATER,0.99
Beta,fk03,OTHDEC,LABOR,0
Beta,fk03,OTHDEC,SUPPL,0
Beta,fk03,OTHFLD,LAND,0
Beta,fk03,OTHFLD,WATER,0
Beta,fk03,OTHFLD,LABOR,0
Beta,fk03,OTHFLD,SUPPL,0
Beta,fk03,OTHTRK,LAND,0
Beta,fk03,OTHTRK,WATER,0
Beta,fk03,OTHTRK,LABOR,0
Beta,fk03,OTHTRK,SUPPL,1
Beta,fk03,PASTR,LAND,0
Beta,fk03,PASTR,WATER,0
Beta,fk03,PASTR,LABOR,0
Beta,fk03,PASTR,SUPPL,0
Beta,fk03,POTATO,LAND,0
Beta,fk03,POTATO,WATER,0
Beta,fk03,POTATO,LABOR,0
Beta,fk03,POTATO,SUPPL,0
Beta,fk03,PRTOM,LAND,0
Beta,fk03,PRTOM,WATER,0
Beta,fk03,PRTOM,LABOR,0
Beta,fk03,PRTOM,SUPPL,0
Beta,fk03,RICE,LAND,0
Beta,fk03,RICE,WATER,0
Beta,fk03,RICE,LABOR,0
Beta,fk03,RICE,SUPPL,0
Beta,fk03,SAFLR,LAND,0
Beta,fk03,SAFLR,WATER,0
Beta,fk03,SAFLR,LABOR,0
Beta,fk03,SAFLR,SUPPL,0
Beta,fk03,SBEET,LAND,0
Beta,fk03,SBEET,WATER,0
Beta,fk03,SBEET,LABOR,0
Beta,fk03,SBEET,SUPPL,0
Beta,fk03,SUBTRP,LAND,0.01
Beta,fk03,SUBTRP,WATER,0.97
Beta,fk03,SUBTRP,LABOR,0
Beta,fk03,SUBTRP,SUPPL,0.02
Beta,fk03,VINE,LAND,0.02
Beta,fk03,VINE,WATER,0.98
Beta,fk03,VINE,LABOR,0
Beta,fk03,VINE,SUPPL,0
Beta,fk05,ALFAL,LAND,0
Beta,fk05,ALFAL,WATER,0
Beta,fk05,ALFAL,LABOR,0
Beta,fk05,ALFAL,SUPPL,0
Beta,fk05,ALPIS,LAND,0
Beta,fk05,ALPIS,WATER,0
Beta,fk05,ALPIS,LABOR,0
Beta,fk05,ALPIS,SUPPL,0
Beta,fk05,CORN,LAND,0
Beta,fk05,CORN,WATER,0
Beta,fk05,CORN,LABOR,0
Beta,fk05,CORN,SUPPL,0
Beta,fk05,COTTN,LAND,0
Beta,fk05,COTTN,WATER,0
Beta,fk05,COTTN,LABOR,0
Beta,fk05,COTTN,SUPPL,0
Beta,fk05,CUCUR,LAND,0
Beta,fk05,CUCUR,WATER,0
Beta,fk05,CUCUR,LABOR,0
Beta,fk05,CUCUR,SUPPL,0
Beta,fk05,DRYBN,LAND,0
Beta,fk05,DRYBN,WATER,0
Beta,fk05,DRYBN,LABOR,0
Beta,fk05,DRYBN,SUPPL,0
Beta,fk05,FRTOM,LAND,0
Beta,fk05,FRTOM,WATER,0
Beta,fk05,FRTOM,LABOR,0
Beta,fk05,FRTOM,SUPPL,0
Beta,fk05,GRAIN,LAND,0
Beta,fk05,GRAIN,WATER,0
Beta,fk05,GRAIN,LABOR,0
Beta,fk05,GRAIN,SUPPL,0
Beta,fk05,ONGAR,LAND,0
Beta,fk05,ONGAR,WATER,0
Beta,fk05,ONGAR,LABOR,0
Beta,fk05,ONGAR,SUPPL,0
Beta,fk05,OTHDEC,LAND,0
Beta,fk05,OTHDEC,WATER,1
Beta,fk05,OTHDEC,LABOR,0
Beta,fk05,OTHDEC,SUPPL,0
Beta,fk05,OTHFLD,LAND,0
Beta,fk05,OTHFLD,WATER,0
Beta,fk05,OTHFLD,LABOR,0
Beta,fk05,OTHFLD,SUPPL,0
Beta,fk05,OTHTRK,LAND,0
Beta,fk05,OTHTRK,WATER,0
Beta,fk05,OTHTRK,LABOR,0
Beta,fk05,OTHTRK,SUPPL,0
Beta,fk05,PASTR,LAND,0
Beta,fk05,PASTR,WATER,0
Beta,fk05,PASTR,LABOR,0
Beta,fk05,PASTR,SUPPL,0
Beta,fk05,POTATO,LAND,0
Beta,fk05,POTATO,WATER,0
Beta,fk05,POTATO,LABOR,0
Beta,fk05,POTATO,SUPPL,0
Beta,fk05,PRTOM,LAND,0
Beta,fk05,PRTOM,WATER,0
Beta,fk05,PRTOM,LABOR,0
Beta,fk05,PRTOM,SUPPL,0
Beta,fk05,RICE,LAND,0
Beta,fk05,RICE,WATER,0
Beta,fk05,RICE,LABOR,0
Beta,fk05,RICE,SUPPL,0
Beta,fk05,SAFLR,LAND,0
Beta,fk05,SAFLR,WATER,0
Beta,fk05,SAFLR,LABOR,0
Beta,fk05,SAFLR,SUPPL,0
Beta,fk05,SBEET,LAND,0
Beta,fk05,SBEET,WATER,0
Beta,fk05,SBEET,LABOR,0
Beta,fk05,SBEET,SUPPL,0
Beta,fk05,SUBTRP,LAND,0
Beta,fk05,SUBTRP,WATER,1
Beta,fk05,SUBTRP,LABOR,0
Beta,fk05,SUBTRP,SUPPL,0
Beta,fk05,VINE,LAND,0
Beta,fk05,VINE,WATER,0
Beta,fk05,VINE,LABOR,0
Beta,fk05,VINE,SUPPL,0
Beta,fk02,ALFAL,LAND,0
Beta,fk02,ALFAL,WATER,0
Beta,fk02,ALFAL,LABOR,0
Beta,fk02,ALFAL,SUPPL,0
Beta,fk02,ALPIS,LAND,0
Beta,fk02,ALPIS,WATER,0.11
Beta,fk02,ALPIS,LABOR,0.01
Beta,fk02,ALPIS,SUPPL,0.88
Beta,fk02,CORN,LAND,0
Beta,fk02,CORN,WATER,0
Beta,fk02,CORN,LABOR,0
Beta,fk02,CORN,SUPPL,0
Beta,fk02,COTTN,LAND,0
Beta,fk02,COTTN,WATER,0
Beta,fk02,COTTN,LABOR,0
Beta,fk02,COTTN,SUPPL,0
Beta,fk02,CUCUR,LAND,0
Beta,fk02,CUCUR,WATER,0
Beta,fk02,CUCUR,LABOR,0
Beta,fk02,CUCUR,SUPPL,0
Beta,fk02,DRYBN,LAND,0
Beta,fk02,DRYBN,WATER,0
Beta,fk02,DRYBN,LABOR,0
Beta,fk02,DRYBN,SUPPL,0
Beta,fk02,FRTOM,LAND,0
Beta,fk02,FRTOM,WATER,0
Beta,fk02,FRTOM,LABOR,0
Beta,fk02,FRTOM,SUPPL,0
Beta,fk02,GRAIN,LAND,0
Beta,fk02,GRAIN,WATER,0
Beta,fk02,GRAIN,LABOR,0
Beta,fk02,GRAIN,SUPPL,0
Beta,fk02,ONGAR,LAND,0
Beta,fk02,ONGAR,WATER,0
Beta,fk02,ONGAR,LABOR,0
Beta,fk02,ONGAR,SUPPL,0
Beta,fk02,OTHDEC,LAND,0.03
Beta,fk02,OTHDEC,WATER,0.97
Beta,fk02,OTHDEC,LABOR,0
Beta,fk02,OTHDEC,SUPPL,0
Beta,fk02,OTHFLD,LAND,0
Beta,fk02,OTHFLD,WATER,0
Beta,fk02,OTHFLD,LABOR,0
Beta,fk02,OTHFLD,SUPPL,0
Beta,fk02,OTHTRK,LAND,0
Beta,fk02,OTHTRK,WATER,0
Beta,fk02,OTHTRK,LABOR,0
Beta,fk02,OTHTRK,SUPPL,0
Beta,fk02,PASTR,LAND,0
Beta,fk02,PASTR,WATER,0
Beta,fk02,PASTR,LABOR,0
Beta,fk02,PASTR,SUPPL,0
Beta,fk02,POTATO,LAND,0
Beta,fk02,POTATO,WATER,0
Beta,fk02,POTATO,LABOR,0
Beta,fk02,POTATO,SUPPL,0
Beta,fk02,PRTOM,LAND,0
Beta,fk02,PRTOM,WATER,0
Beta,fk02,PRTOM,LABOR,0
Beta,fk02,PRTOM,SUPPL,0
Beta,fk02,RICE,LAND,0
Beta,fk02,RICE,WATER,0
Beta,fk02,RICE,LABOR,0
Beta,fk02,RICE,SUPPL,0
Beta,fk02,SAFLR,LAND,0
Beta,fk02,SAFLR,WATER,0
Beta,fk02,SAFLR,LABOR,0
Beta,fk02,SAFLR,SUPPL,0
Beta,fk02,SBEET,LAND,0
Beta,fk02,SBEET,WATER,0
Beta,fk02,SBEET,LABOR,0
Beta,fk02,SBEET,SUPPL,0
Beta,fk02,SUBTRP,LAND,0.05
Beta,fk02,SUBTRP,WATER,0.95
Beta,fk02,SUBTRP,LABOR,0
Beta,fk02,SUBTRP,SUPPL,0
Beta,fk02,VINE,LAND,0.04
Beta,fk02,VINE,WATER,0.94
Beta,fk02,VINE,LABOR,0.02
Beta,fk02,VINE,SUPPL,0
Beta,fk04,ALFAL,LAND,0
Beta,fk04,ALFAL,WATER,1
Beta,fk04,ALFAL,LABOR,0
Beta,fk04,ALFAL,SUPPL,0
Beta,fk04,ALPIS,LAND,0.04
Beta,fk04,ALPIS,WATER,0.96
Beta,fk04,ALPIS,LABOR,0
Beta,fk04,ALPIS,SUPPL,0
Beta,fk04,CORN,LAND,0.16
Beta,fk04,CORN,WATER,0.84
Beta,fk04,CORN,LABOR,0
Beta,fk04,CORN,SUPPL,0
Beta,fk04,COTTN,LAND,0
Beta,fk04,COTTN,WATER,0
Beta,fk04,COTTN,LABOR,0
Beta,fk04,COTTN,SUPPL,0
Beta,fk04,CUCUR,LAND,0
Beta,fk04,CUCUR,WATER,0
Beta,fk04,CUCUR,LABOR,0
Beta,fk04,CUCUR,SUPPL,0
Beta,fk04,DRYBN,LAND,0.28
Beta,fk04,DRYBN,WATER,0.72
Beta,fk04,DRYBN,LABOR,0
Beta,fk04,DRYBN,SUPPL,0
Beta,fk04,FRTOM,LAND,0
Beta,fk04,FRTOM,WATER,0
Beta,fk04,FRTOM,LABOR,0
Beta,fk04,FRTOM,SUPPL,0
Beta,fk04,GRAIN,LAND,0.13
Beta,fk04,GRAIN,WATER,0.02
Beta,fk04,GRAIN,LABOR,0
Beta,fk04,GRAIN,SUPPL,0.85
Beta,fk04,ONGAR,LAND,0
Beta,fk04,ONGAR,WATER,0
Beta,fk04,ONGAR,LABOR,0
Beta,fk04,ONGAR,SUPPL,0
Beta,fk04,OTHDEC,LAND,0.07
Beta,fk04,OTHDEC,WATER,0.93
Beta,fk04,OTHDEC,LABOR,0
Beta,fk04,OTHDEC,SUPPL,0
Beta,fk04,OTHFLD,LAND,0
Beta,fk04,OTHFLD,WATER,0
Beta,fk04,OTHFLD,LABOR,0
Beta,fk04,OTHFLD,SUPPL,0
Beta,fk04,OTHTRK,LAND,0
Beta,fk04,OTHTRK,WATER,0
Beta,fk04,OTHTRK,LABOR,0
Beta,fk04,OTHTRK,SUPPL,1
Beta,fk04,PASTR,LAND,0
Beta,fk04,PASTR,WATER,1
Beta,fk04,PASTR,LABOR,0
Beta,fk04,PASTR,SUPPL,0
Beta,fk04,POTATO,LAND,0
Beta,fk04,POTATO,WATER,0
Beta,fk04,POTATO,LABOR,0
Beta,fk04,POTATO,SUPPL,0
Beta,fk04,PRTOM,LAND,0
Beta,fk04,PRTOM,WATER,0
Beta,fk04,PRTOM,LABOR,0
Beta,fk04,PRTOM,SUPPL,0
Beta,fk04,RICE,LAND,0
Beta,fk04,RICE,WATER,0
Beta,fk04,RICE,LABOR,0
Beta,fk04,RICE,SUPPL,0
Beta,fk04,SAFLR,LAND,0
Beta,fk04,SAFLR,WATER,0
Beta,fk04,SAFLR,LABOR,0
Beta,fk04,SAFLR,SUPPL,0
Beta,fk04,SBEET,LAND,0
Beta,fk04,SBEET,WATER,0
Beta,fk04,SBEET,LABOR,0
Beta,fk04,SBEET,SUPPL,0
Beta,fk04,SUBTRP,LAND,0.12
Beta,fk04,SUBTRP,WATER,0.88
Beta,fk04,SUBTRP,LABOR,0
Beta,fk04,SUBTRP,SUPPL,0
Beta,fk04,VINE,LAND,0.09
Beta,fk04,VINE,WATER,0.91
Beta,fk04,VINE,LABOR,0
Beta,fk04,VINE,SUPPL,0
Beta,fk07,ALFAL,LAND,0
Beta,fk07,ALFAL,WATER,1
Beta,fk07,ALFAL,LABOR,0
Beta,fk07,ALFAL,SUPPL,0
Beta,fk07,ALPIS,LAND,0.02
Beta,fk07,ALPIS,WATER,0.98
Beta,fk07,ALPIS,LABOR,0
Beta,fk07,ALPIS,SUPPL,0
Beta,fk07,CORN,LAND,0.09
Beta,fk07,CORN,WATER,0.91
Beta,fk07,CORN,LABOR,0
Beta,fk07,CORN,SUPPL,0
Beta,fk07,COTTN,LAND,0
Beta,fk07,COTTN,WATER,0
Beta,fk07,COTTN,LABOR,0
Beta,fk07,COTTN,SUPPL,0
Beta,fk07,CUCUR,LAND,0
Beta,fk07,CUCUR,WATER,0
Beta,fk07,CUCUR,LABOR,0
Beta,fk07,CUCUR,SUPPL,0
Beta,fk07,DRYBN,LAND,0.16
Beta,fk07,DRYBN,WATER,0.84
Beta,fk07,DRYBN,LABOR,0
Beta,fk07,DRYBN,SUPPL,0
Beta,fk07,FRTOM,LAND,0
Beta,fk07,FRTOM,WATER,0
Beta,fk07,FRTOM,LABOR,0
Beta,fk07,FRTOM,SUPPL,0
Beta,fk07,GRAIN,LAND,0.71
Beta,fk07,GRAIN,WATER,0.28
Beta,fk07,GRAIN,LABOR,0
Beta,fk07,GRAIN,SUPPL,0.01
Beta,fk07,ONGAR,LAND,0
Beta,fk07,ONGAR,WATER,0
Beta,fk07,ONGAR,LABOR,0
Beta,fk07,ONGAR,SUPPL,0
Beta,fk07,OTHDEC,LAND,0.04
Beta,fk07,OTHDEC,WATER,0.96
Beta,fk07,OTHDEC,LABOR,0
Beta,fk07,OTHDEC,SUPPL,0
Beta,fk07,OTHFLD,LAND,0
Beta,fk07,OTHFLD,WATER,0
Beta,fk07,OTHFLD,LABOR,0
Beta,fk07,OTHFLD,SUPPL,0
Beta,fk07,OTHTRK,LAND,0
Beta,fk07,OTHTRK,WATER,0
Beta,fk07,OTHTRK,LABOR,0
Beta,fk07,OTHTRK,SUPPL,1
Beta,fk07,PASTR,LAND,0
Beta,fk07,PASTR,WATER,1
Beta,fk07,PASTR,LABOR,0
Beta,fk07,PASTR,SUPPL,0
Beta,fk07,POTATO,LAND,0
Beta,fk07,POTATO,WATER,0
Beta,fk07,POTATO,LABOR,0
Beta,fk07,POTATO,SUPPL,0
Beta,fk07,PRTOM,LAND,0
Beta,fk07,PRTOM,WATER,0
Beta,fk07,PRTOM,LABOR,0
Beta,fk07,PRTOM,SUPPL,0
Beta,fk07,RICE,LAND,0
Beta,fk07,RICE,WATER,0
Beta,fk07,RICE,LABOR,0
Beta,fk07,RICE,SUPPL,0
Beta,fk07,SAFLR,LAND,0
Beta,fk07,SAFLR,WATER,0
Beta,fk07,SAFLR,LABOR,0
Beta,fk07,SAFLR,SUPPL,0
Beta,fk07,SBEET,LAND,0
Beta,fk07,SBEET,WATER,0
Beta,fk07,SBEET,LABOR,0
Beta,fk07,SBEET,SUPPL,0
Beta,fk07,SUBTRP,LAND,0.06
Beta,fk07,SUBTRP,WATER,0.86
Beta,fk07,SUBTRP,LABOR,0
Beta,fk07,SUBTRP,SUPPL,0.08
Beta,fk07,VINE,LAND,0.05
Beta,fk07,VINE,WATER,0.95
Beta,fk07,VINE,LABOR,0
Beta,fk07,VINE,SUPPL,0
Beta,fk11,ALFAL,LAND,0
Beta,fk11,ALFAL,WATER,0
Beta,fk11,ALFAL,LABOR,0
Beta,fk11,ALFAL,SUPPL,0
Beta,fk11,ALPIS,LAND,0
Beta,fk11,ALPIS,WATER,0
Beta,fk11,ALPIS,LABOR,0
Beta,fk11,ALPIS,SUPPL,0
Beta,fk11,CORN,LAND,0
Beta,fk11,CORN,WATER,0
Beta,fk11,CORN,LABOR,0
Beta,fk11,CORN,SUPPL,0
Beta,fk11,COTTN,LAND,0
Beta,fk11,COTTN,WATER,0
Beta,fk11,COTTN,LABOR,0
Beta,fk11,COTTN,SUPPL,0
Beta,fk11,CUCUR,LAND,0
Beta,fk11,CUCUR,WATER,0
Beta,fk11,CUCUR,LABOR,0
Beta,fk11,CUCUR,SUPPL,0
Beta,fk11,DRYBN,LAND,0
Beta,fk11,DRYBN,WATER,0
Beta,fk11,DRYBN,LABOR,0
Beta,fk11,DRYBN,SUPPL,0
Beta,fk11,FRTOM,LAND,0
Beta,fk11,FRTOM,WATER,0
Beta,fk11,FRTOM,LABOR,0
Beta,fk11,FRTOM,SUPPL,0
Beta,fk11,GRAIN,LAND,0
Beta,fk11,GRAIN,WATER,0
Beta,fk11,GRAIN,LABOR,0
Beta,fk11,GRAIN,SUPPL,0
Beta,fk11,ONGAR,LAND,0
Beta,fk11,ONGAR,WATER,0
Beta,fk11,ONGAR,LABOR,0
Beta,fk11,ONGAR,SUPPL,0
Beta,fk11,OTHDEC,LAND,0
Beta,fk11,OTHDEC,WATER,0
Beta,fk11,OTHDEC,LABOR,0
Beta,fk11,OTHDEC,SUPPL,0
Beta,fk11,OTHFLD,LAND,0
Beta,fk11,OTHFLD,WATER,0
Beta,fk11,OTHFLD,LABOR,0
Beta,fk11,OTHFLD,SUPPL,0
Beta,fk11,OTHTRK,LAND,0
Beta,fk11,OTHTRK,WATER,0
Beta,fk11,OTHTRK,LABOR,0
Beta,fk11,OTHTRK,SUPPL,0
Beta,fk11,PASTR,LAND,0
Beta,fk11,PASTR,WATER,0
Beta,fk11,PASTR,LABOR,0
Beta,fk11,PASTR,SUPPL,0
Beta,fk11,POTATO,LAND,0
Beta,fk11,POTATO,WATER,0
Beta,fk11,POTATO,LABOR,0
Beta,fk11,POTATO,SUPPL,0
Beta,fk11,PRTOM,LAND,0
Beta,fk11,PRTOM,WATER,0
Beta,fk11,PRTOM,LABOR,0
Beta,fk11,PRTOM,SUPPL,0
Beta,fk11,RICE,LAND,0
Beta,fk11,RICE,WATER,0
Beta,fk11,RICE,LABOR,0
Beta,fk11,RICE,SUPPL,0
Beta,fk11,SAFLR,LAND,0
Beta,fk11,SAFLR,WATER,0
Beta,fk11,SAFLR,LABOR,0
Beta,fk11,SAFLR,SUPPL,0
Beta,fk11,SBEET,LAND,0
Beta,fk11,SBEET,WATER,0
Beta,fk11,SBEET,LABOR,0
Beta,fk11,SBEET,SUPPL,0
Beta,fk11,SUBTRP,LAND,0.02
Beta,fk11,SUBTRP,WATER,0.61
Beta,fk11,SUBTRP,LABOR,0
Beta,fk11,SUBTRP,SUPPL,0.37
Beta,fk11,VINE,LAND,0
Beta,fk11,VINE,WATER,0
Beta,fk11,VINE,LABOR,0
Beta,fk11,VINE,SUPPL,0
Beta,fk14,ALFAL,LAND,0
Beta,fk14,ALFAL,WATER,0
Beta,fk14,ALFAL,LABOR,0
Beta,fk14,ALFAL,SUPPL,0
Beta,fk14,ALPIS,LAND,0
Beta,fk14,ALPIS,WATER,0
Beta,fk14,ALPIS,LABOR,0
Beta,fk14,ALPIS,SUPPL,0
Beta,fk14,CORN,LAND,0
Beta,fk14,CORN,WATER,0
Beta,fk14,CORN,LABOR,0
Beta,fk14,CORN,SUPPL,0
Beta,fk14,COTTN,LAND,0
Beta,fk14,COTTN,WATER,0
Beta,fk14,COTTN,LABOR,0
Beta,fk14,COTTN,SUPPL,0
Beta,fk14,CUCUR,LAND,0
Beta,fk14,CUCUR,WATER,0
Beta,fk14,CUCUR,LABOR,0
Beta,fk14,CUCUR,SUPPL,0
Beta,fk14,DRYBN,LAND,0
Beta,fk14,DRYBN,WATER,0
Beta,fk14,DRYBN,LABOR,0
Beta,fk14,DRYBN,SUPPL,0
Beta,fk14,FRTOM,LAND,0
Beta,fk14,FRTOM,WATER,0
Beta,fk14,FRTOM,LABOR,0
Beta,fk14,FRTOM,SUPPL,0
Beta,fk14,GRAIN,LAND,0
Beta,fk14,GRAIN,WATER,0
Beta,fk14,GRAIN,LABOR,0
Beta,fk14,GRAIN,SUPPL,0
Beta,fk14,ONGAR,LAND,0
Beta,fk14,ONGAR,WATER,0
Beta,fk14,ONGAR,LABOR,0
Beta,fk14,ONGAR,SUPPL,0
Beta,fk14,OTHDEC,LAND,0
Beta,fk14,OTHDEC,WATER,0
Beta,fk14,OTHDEC,LABOR,0
Beta,fk14,OTHDEC,SUPPL,0
Beta,fk14,OTHFLD,LAND,0
Beta,fk14,OTHFLD,WATER,0
Beta,fk14,OTHFLD,LABOR,0
Beta,fk14,OTHFLD,SUPPL,0
Beta,fk14,OTHTRK,LAND,0
Beta,fk14,OTHTRK,WATER,0
Beta,fk14,OTHTRK,LABOR,0
Beta,fk14,OTHTRK,SUPPL,0
Beta,fk14,PASTR,LAND,0
Beta,fk14,PASTR,WATER,0
Beta,fk14,PASTR,LABOR,0
Beta,fk14,PASTR,SUPPL,0
Beta,fk14,POTATO,LAND,0
Beta,fk14,POTATO,WATER,0
Beta,fk14,POTATO,LABOR,0
Beta,fk14,POTATO,SUPPL,0
Beta,fk14,PRTOM,LAND,0
Beta,fk14,PRTOM,WATER,0
Beta,fk14,PRTOM,LABOR,0
Beta,fk14,PRTOM,SUPPL,0
Beta,fk14,RICE,LAND,0
Beta,fk14,RICE,WATER,0
Beta,fk14,RICE,LABOR,0
Beta,fk14,RICE,SUPPL,0
Beta,fk14,SAFLR,LAND,0
Beta,fk14,SAFLR,WATER,0
Beta,fk14,SAFLR,LABOR,0
Beta,fk14,SAFLR,SUPPL,0
Beta,fk14,SBEET,LAND,0
Beta,fk14,SBEET,WATER,0
Beta,fk14,SBEET,LABOR,0
Beta,fk14,SBEET,SUPPL,0
Beta,fk14,SUBTRP,LAND,0
Beta,fk14,SUBTRP,WATER,0
Beta,fk14,SUBTRP,LABOR,0
Beta,fk14,SUBTRP,SUPPL,0
Beta,fk14,VINE,LAND,0
Beta,fk14,VINE,WATER,0
Beta,fk14,VINE,LABOR,0
Beta,fk14,VINE,SUPPL,0
Beta,fk12,ALFAL,LAND,0
Beta,fk12,ALFAL,WATER,0
Beta,fk12,ALFAL,LABOR,0
Beta,fk12,ALFAL,SUPPL,0
Beta,fk12,ALPIS,LAND,0
Beta,fk12,ALPIS,WATER,1
Beta,fk12,ALPIS,LABOR,0
Beta,fk12,ALPIS,SUPPL,0
Beta,fk12,CORN,LAND,0
Beta,fk12,CORN,WATER,0
Beta,fk12,CORN,LABOR,0
Beta,fk12,CORN,SUPPL,0
Beta,fk12,COTTN,LAND,0
Beta,fk12,COTTN,WATER,0
Beta,fk12,COTTN,LABOR,0
Beta,fk12,COTTN,SUPPL,0
Beta,fk12,CUCUR,LAND,0
Beta,fk12,CUCUR,WATER,0
Beta,fk12,CUCUR,LABOR,0
Beta,fk12,CUCUR,SUPPL,0
Beta,fk12,DRYBN,LAND,0
Beta,fk12,DRYBN,WATER,0
Beta,fk12,DRYBN,LABOR,0
Beta,fk12,DRYBN,SUPPL,0
Beta,fk12,FRTOM,LAND,0
Beta,fk12,FRTOM,WATER,0
Beta,fk12,FRTOM,LABOR,0
Beta,fk12,FRTOM,SUPPL,0
Beta,fk12,GRAIN,LAND,0.03
Beta,fk12,GRAIN,WATER,0.45
Beta,fk12,GRAIN,LABOR,0
Beta,fk12,GRAIN,SUPPL,0.52
Beta,fk12,ONGAR,LAND,0
Beta,fk12,ONGAR,WATER,0
Beta,fk12,ONGAR,LABOR,0
Beta,fk12,ONGAR,SUPPL,0
Beta,fk12,OTHDEC,LAND,0
Beta,fk12,OTHDEC,WATER,1
Beta,fk12,OTHDEC,LABOR,0
Beta,fk12,OTHDEC,SUPPL,0
Beta,fk12,OTHFLD,LAND,0
Beta,fk12,OTHFLD,WATER,0
Beta,fk12,OTHFLD,LABOR,0
Beta,fk12,OTHFLD,SUPPL,0
Beta,fk12,OTHTRK,LAND,0
Beta,fk12,OTHTRK,WATER,0
Beta,fk12,OTHTRK,LABOR,0
Beta,fk12,OTHTRK,SUPPL,0
Beta,fk12,PASTR,LAND,0
Beta,fk12,PASTR,WATER,0
Beta,fk12,PASTR,LABOR,0
Beta,fk12,PASTR,SUPPL,0
Beta,fk12,POTATO,LAND,0
Beta,fk12,POTATO,WATER,0
Beta,fk12,POTATO,LABOR,0
Beta,fk12,POTATO,SUPPL,0
Beta,fk12,PRTOM,LAND,0
Beta,fk12,PRTOM,WATER,0
Beta,fk12,PRTOM,LABOR,0
Beta,fk12,PRTOM,SUPPL,0
Beta,fk12,RICE,LAND,0
Beta,fk12,RICE,WATER,0
Beta,fk12,RICE,LABOR,0
Beta,fk12,RICE,SUPPL,0
Beta,fk12,SAFLR,LAND,0
Beta,fk12,SAFLR,WATER,0
Beta,fk12,SAFLR,LABOR,0
Beta,fk12,SAFLR,SUPPL,0
Beta,fk12,SBEET,LAND,0
Beta,fk12,SBEET,WATER,0
Beta,fk12,SBEET,LABOR,0
Beta,fk12,SBEET,SUPPL,0
Beta,fk12,SUBTRP,LAND,0
Beta,fk12,SUBTRP,WATER,0.99
Beta,fk12,SUBTRP,LABOR,0
Beta,fk12,SUBTRP,SUPPL,0
Beta,fk12,VINE,LAND,0
Beta,fk12,VINE,WATER,0
Beta,fk12,VINE,LABOR,0
Beta,fk12,VINE,SUPPL,0
Beta,fk10,ALFAL,LAND,0
Beta,fk10,ALFAL,WATER,1
Beta,fk10,ALFAL,LABOR,0
Beta,fk10,ALFAL,SUPPL,0
Beta,fk10,ALPIS,LAND,0.01
Beta,fk10,ALPIS,WATER,0.99
Beta,fk10,ALPIS,LABOR,0
Beta,fk10,ALPIS,SUPPL,0
Beta,fk10,CORN,LAND,0.04
Beta,fk10,CORN,WATER,0.96
Beta,fk10,CORN,LABOR,0
Beta,fk10,CORN,SUPPL,0
Beta,fk10,COTTN,LAND,0
Beta,fk10,COTTN,WATER,1
Beta,fk10,COTTN,LABOR,0
Beta,fk10,COTTN,SUPPL,0
Beta,fk10,CUCUR,LAND,0
Beta,fk10,CUCUR,WATER,0
Beta,fk10,CUCUR,LABOR,0.99
Beta,fk10,CUCUR,SUPPL,0.01
Beta,fk10,DRYBN,LAND,0
Beta,fk10,DRYBN,WATER,0
Beta,fk10,DRYBN,LABOR,0
Beta,fk10,DRYBN,SUPPL,0
Beta,fk10,FRTOM,LAND,0
Beta,fk10,FRTOM,WATER,0
Beta,fk10,FRTOM,LABOR,0
Beta,fk10,FRTOM,SUPPL,0
Beta,fk10,GRAIN,LAND,0.49
Beta,fk10,GRAIN,WATER,0.51
Beta,fk10,GRAIN,LABOR,0
Beta,fk10,GRAIN,SUPPL,0
Beta,fk10,ONGAR,LAND,0.01
Beta,fk10,ONGAR,WATER,0.14
Beta,fk10,ONGAR,LABOR,0
Beta,fk10,ONGAR,SUPPL,0.86
Beta,fk10,OTHDEC,LAND,0.02
Beta,fk10,OTHDEC,WATER,0.98
Beta,fk10,OTHDEC,LABOR,0
Beta,fk10,OTHDEC,SUPPL,0
Beta,fk10,OTHFLD,LAND,0.01
Beta,fk10,OTHFLD,WATER,0.99
Beta,fk10,OTHFLD,LABOR,0
Beta,fk10,OTHFLD,SUPPL,0
Beta,fk10,OTHTRK,LAND,0
Beta,fk10,OTHTRK,WATER,0
Beta,fk10,OTHTRK,LABOR,0
Beta,fk10,OTHTRK,SUPPL,0.99
Beta,fk10,PASTR,LAND,0
Beta,fk10,PASTR,WATER,0
Beta,fk10,PASTR,LABOR,0
Beta,fk10,PASTR,SUPPL,0
Beta,fk10,POTATO,LAND,0
Beta,fk10,POTATO,WATER,0
Beta,fk10,POTATO,LABOR,0
Beta,fk10,POTATO,SUPPL,0
Beta,fk10,PRTOM,LAND,0
Beta,fk10,PRTOM,WATER,0
Beta,fk10,PRTOM,LABOR,0
Beta,fk10,PRTOM,SUPPL,0
Beta,fk10,RICE,LAND,0
Beta,fk10,RICE,WATER,0
Beta,fk10,RICE,LABOR,0
Beta,fk10,RICE,SUPPL,0
Beta,fk10,SAFLR,LAND,0
Beta,fk10,SAFLR,WATER,0
Beta,fk10,SAFLR,LABOR,0
Beta,fk10,SAFLR,SUPPL,0
Beta,fk10,SBEET,LAND,0
Beta,fk10,SBEET,WATER,0
Beta,fk10,SBEET,LABOR,0
Beta,fk10,SBEET,SUPPL,0
Beta,fk10,SUBTRP,LAND,0.02
Beta,fk10,SUBTRP,WATER,0.98
Beta,fk10,SUBTRP,LABOR,0
Beta,fk10,SUBTRP,SUPPL,0
Beta,fk10,VINE,LAND,0.04
Beta,fk10,VINE,WATER,0.96
Beta,fk10,VINE,LABOR,0
Beta,fk10,VINE,SUPPL,0
Beta,fk09,ALFAL,LAND,0
Beta,fk09,ALFAL,WATER,1
Beta,fk09,ALFAL,LABOR,0
Beta,fk09,ALFAL,SUPPL,0
Beta,fk09,ALPIS,LAND,0
Beta,fk09,ALPIS,WATER,1
Beta,fk09,ALPIS,LABOR,0
Beta,fk09,ALPIS,SUPPL,0
Beta,fk09,CORN,LAND,0.01
Beta,fk09,CORN,WATER,0.99
Beta,fk09,CORN,LABOR,0
Beta,fk09,CORN,SUPPL,0
Beta,fk09,COTTN,LAND,0
Beta,fk09,COTTN,WATER,1
Beta,fk09,COTTN,LABOR,0
Beta,fk09,COTTN,SUPPL,0
Beta,fk09,CUCUR,LAND,0
Beta,fk09,CUCUR,WATER,0
Beta,fk09,CUCUR,LABOR,0
Beta,fk09,CUCUR,SUPPL,0
Beta,fk09,DRYBN,LAND,0.02
Beta,fk09,DRYBN,WATER,0.98
Beta,fk09,DRYBN,LABOR,0
Beta,fk09,DRYBN,SUPPL,0
Beta,fk09,FRTOM,LAND,0
Beta,fk09,FRTOM,WATER,0
Beta,fk09,FRTOM,LABOR,0
Beta,fk09,FRTOM,SUPPL,0
Beta,fk09,GRAIN,LAND,0.23
Beta,fk09,GRAIN,WATER,0.77
Beta,fk09,GRAIN,LABOR,0
Beta,fk09,GRAIN,SUPPL,0
Beta,fk09,ONGAR,LAND,0
Beta,fk09,ONGAR,WATER,0.01
Beta,fk09,ONGAR,LABOR,0
Beta,fk09,ONGAR,SUPPL,0.99
Beta,fk09,OTHDEC,LAND,0.01
Beta,fk09,OTHDEC,WATER,0.99
Beta,fk09,OTHDEC,LABOR,0
Beta,fk09,OTHDEC,SUPPL,0
Beta,fk09,OTHFLD,LAND,0
Beta,fk09,OTHFLD,WATER,0
Beta,fk09,OTHFLD,LABOR,0
Beta,fk09,OTHFLD,SUPPL,0
Beta,fk09,OTHTRK,LAND,0.41
Beta,fk09,OTHTRK,WATER,0.58
Beta,fk09,OTHTRK,LABOR,0
Beta,fk09,OTHTRK,SUPPL,0.01
Beta,fk09,PASTR,LAND,0
Beta,fk09,PASTR,WATER,0
Beta,fk09,PASTR,LABOR,0
Beta,fk09,PASTR,SUPPL,0
Beta,fk09,POTATO,LAND,0.28
Beta,fk09,POTATO,WATER,0.62
Beta,fk09,POTATO,LABOR,0
Beta,fk09,POTATO,SUPPL,0.1
Beta,fk09,PRTOM,LAND,0.04
Beta,fk09,PRTOM,WATER,0.62
Beta,fk09,PRTOM,LABOR,0
Beta,fk09,PRTOM,SUPPL,0.34
Beta,fk09,RICE,LAND,0
Beta,fk09,RICE,WATER,0
Beta,fk09,RICE,LABOR,0
Beta,fk09,RICE,SUPPL,0
Beta,fk09,SAFLR,LAND,0
Beta,fk09,SAFLR,WATER,0
Beta,fk09,SAFLR,LABOR,0
Beta,fk09,SAFLR,SUPPL,0
Beta,fk09,SBEET,LAND,0
Beta,fk09,SBEET,WATER,0
Beta,fk09,SBEET,LABOR,0
Beta,fk09,SBEET,SUPPL,0
Beta,fk09,SUBTRP,LAND,0
Beta,fk09,SUBTRP,WATER,0
Beta,fk09,SUBTRP,LABOR,0
Beta,fk09,SUBTRP,SUPPL,0
Beta,fk09,VINE,LAND,0.01
Beta,fk09,VINE,WATER,0.99
Beta,fk09,VINE,LABOR,0
Beta,fk09,VINE,SUPPL,0
Beta,ot2,ALFAL,LAND,0
Beta,ot2,ALFAL,WATER,1
Beta,ot2,ALFAL,LABOR,0
Beta,ot2,ALFAL,SUPPL,0
Beta,ot2,ALPIS,LAND,0.01
Beta,ot2,ALPIS,WATER,0.99
Beta,ot2,ALPIS,LABOR,0
Beta,ot2,ALPIS,SUPPL,0
Beta,ot2,CORN,LAND,0.04
Beta,ot2,CORN,WATER,0.96
Beta,ot2,CORN,LABOR,0
Beta,ot2,CORN,SUPPL,0
Beta,ot2,COTTN,LAND,0
Beta,ot2,COTTN,WATER,1
Beta,ot2,COTTN,LABOR,0
Beta,ot2,COTTN,SUPPL,0
Beta,ot2,CUCUR,LAND,0
Beta,ot2,CUCUR,WATER,0
Beta,ot2,CUCUR,LABOR,0.99
Beta,ot2,CUCUR,SUPPL,0.01
Beta,ot2,DRYBN,LAND,0.07
Beta,ot2,DRYBN,WATER,0.93
Beta,ot2,DRYBN,LABOR,0
Beta,ot2,DRYBN,SUPPL,0
Beta,ot2,FRTOM,LAND,0
Beta,ot2,FRTOM,WATER,0
Beta,ot2,FRTOM,LABOR,0
Beta,ot2,FRTOM,SUPPL,0
Beta,ot2,GRAIN,LAND,0.45
Beta,ot2,GRAIN,WATER,0.55
Beta,ot2,GRAIN,LABOR,0
Beta,ot2,GRAIN,SUPPL,0
Beta,ot2,ONGAR,LAND,0.05
Beta,ot2,ONGAR,WATER,0.95
Beta,ot2,ONGAR,LABOR,0
Beta,ot2,ONGAR,SUPPL,0
Beta,ot2,OTHDEC,LAND,0.02
Beta,ot2,OTHDEC,WATER,0.98
Beta,ot2,OTHDEC,LABOR,0
Beta,ot2,OTHDEC,SUPPL,0
Beta,ot2,OTHFLD,LAND,0
Beta,ot2,OTHFLD,WATER,0.99
Beta,ot2,OTHFLD,LABOR,0
Beta,ot2,OTHFLD,SUPPL,0
Beta,ot2,OTHTRK,LAND,0.6
Beta,ot2,OTHTRK,WATER,0.4
Beta,ot2,OTHTRK,LABOR,0
Beta,ot2,OTHTRK,SUPPL,0
Beta,ot2,PASTR,LAND,0
Beta,ot2,PASTR,WATER,0
Beta,ot2,PASTR,LABOR,0
Beta,ot2,PASTR,SUPPL,0
Beta,ot2,POTATO,LAND,0.49
Beta,ot2,POTATO,WATER,0.51
Beta,ot2,POTATO,LABOR,0
Beta,ot2,POTATO,SUPPL,0
Beta,ot2,PRTOM,LAND,0.13
Beta,ot2,PRTOM,WATER,0.86
Beta,ot2,PRTOM,LABOR,0
Beta,ot2,PRTOM,SUPPL,0.01
Beta,ot2,RICE,LAND,0
Beta,ot2,RICE,WATER,0
Beta,ot2,RICE,LABOR,0
Beta,ot2,RICE,SUPPL,0
Beta,ot2,SAFLR,LAND,0
Beta,ot2,SAFLR,WATER,0
Beta,ot2,SAFLR,LABOR,0
Beta,ot2,SAFLR,SUPPL,0
Beta,ot2,SBEET,LAND,0
Beta,ot2,SBEET,WATER,0
Beta,ot2,SBEET,LABOR,0
Beta,ot2,SBEET,SUPPL,0
Beta,ot2,SUBTRP,LAND,0
Beta,ot2,SUBTRP,WATER,0
Beta,ot2,SUBTRP,LABOR,0
Beta,ot2,SUBTRP,SUPPL,0
Beta,ot2,VINE,LAND,0.03
Beta,ot2,VINE,WATER,0.97
Beta,ot2,VINE,LABOR,0
Beta,ot2,VINE,SUPPL,0
Beta,ot3,ALFAL,LAND,0
Beta,ot3,ALFAL,WATER,0
Beta,ot3,ALFAL,LABOR,0
Beta,ot3,ALFAL,SUPPL,0
Beta,ot3,ALPIS,LAND,0
Beta,ot3,ALPIS,WATER,0.98
Beta,ot3,ALPIS,LABOR,0
Beta,ot3,ALPIS,SUPPL,0.02
Beta,ot3,CORN,LAND,0
Beta,ot3,CORN,WATER,0
Beta,ot3,CORN,LABOR,0
Beta,ot3,CORN,SUPPL,0
Beta,ot3,COTTN,LAND,0
Beta,ot3,COTTN,WATER,0
Beta,ot3,COTTN,LABOR,0
Beta,ot3,COTTN,SUPPL,0
Beta,ot3,CUCUR,LAND,0
Beta,ot3,CUCUR,WATER,0
Beta,ot3,CUCUR,LABOR,0
Beta,ot3,CUCUR,SUPPL,0
Beta,ot3,DRYBN,LAND,0
Beta,ot3,DRYBN,WATER,0
Beta,ot3,DRYBN,LABOR,0
Beta,ot3,DRYBN,SUPPL,0
Beta,ot3,FRTOM,LAND,0
Beta,ot3,FRTOM,WATER,0
Beta,ot3,FRTOM,LABOR,0
Beta,ot3,FRTOM,SUPPL,0
Beta,ot3,GRAIN,LAND,0
Beta,ot3,GRAIN,WATER,0
Beta,ot3,GRAIN,LABOR,0
Beta,ot3,GRAIN,SUPPL,0
Beta,ot3,ONGAR,LAND,0
Beta,ot3,ONGAR,WATER,0
Beta,ot3,ONGAR,LABOR,0
Beta,ot3,ONGAR,SUPPL,0
Beta,ot3,OTHDEC,LAND,0
Beta,ot3,OTHDEC,WATER,0
Beta,ot3,OTHDEC,LABOR,0
Beta,ot3,OTHDEC,SUPPL,0
Beta,ot3,OTHFLD,LAND,0
Beta,ot3,OTHFLD,WATER,0
Beta,ot3,OTHFLD,LABOR,0
Beta,ot3,OTHFLD,SUPPL,0
Beta,ot3,OTHTRK,LAND,0
Beta,ot3,OTHTRK,WATER,0
Beta,ot3,OTHTRK,LABOR,0
Beta,ot3,OTHTRK,SUPPL,0
Beta,ot3,PASTR,LAND,0
Beta,ot3,PASTR,WATER,0
Beta,ot3,PASTR,LABOR,0
Beta,ot3,PASTR,SUPPL,0
Beta,ot3,POTATO,LAND,0
Beta,ot3,POTATO,WATER,0
Beta,ot3,POTATO,LABOR,0
Beta,ot3,POTATO,SUPPL,0
Beta,ot3,PRTOM,LAND,0
Beta,ot3,PRTOM,WATER,0
Beta,ot3,PRTOM,LABOR,0
Beta,ot3,PRTOM,SUPPL,0
Beta,ot3,RICE,LAND,0
Beta,ot3,RICE,WATER,0
Beta,ot3,RICE,LABOR,0
Beta,ot3,RICE,SUPPL,0
Beta,ot3,SAFLR,LAND,0
Beta,ot3,SAFLR,WATER,0
Beta,ot3,SAFLR,LABOR,0
Beta,ot3,SAFLR,SUPPL,0
Beta,ot3,SBEET,LAND,0
Beta,ot3,SBEET,WATER,0
Beta,ot3,SBEET,LABOR,0
Beta,ot3,SBEET,SUPPL,0
Beta,ot3,SUBTRP,LAND,0.01
Beta,ot3,SUBTRP,WATER,0.99
Beta,ot3,SUBTRP,LABOR,0
Beta,ot3,SUBTRP,SUPPL,0
Beta,ot3,VINE,LAND,0
Beta,ot3,VINE,WATER,0
Beta,ot3,VINE,LABOR,0
Beta,ot3,VINE,SUPPL,0
Beta,ot1,ALFAL,LAND,0
Beta,ot1,ALFAL,WATER,0
Beta,ot1,ALFAL,LABOR,0
Beta,ot1,ALFAL,SUPPL,0
Beta,ot1,ALPIS,LAND,0
Beta,ot1,ALPIS,WATER,1
Beta,ot1,ALPIS,LABOR,0
Beta,ot1,ALPIS,SUPPL,0
Beta,ot1,CORN,LAND,0
Beta,ot1,CORN,WATER,0
Beta,ot1,CORN,LABOR,0
Beta,ot1,CORN,SUPPL,0
Beta,ot1,COTTN,LAND,0
Beta,ot1,COTTN,WATER,0
Beta,ot1,COTTN,LABOR,0
Beta,ot1,COTTN,SUPPL,0
Beta,ot1,CUCUR,LAND,0
Beta,ot1,CUCUR,WATER,0
Beta,ot1,CUCUR,LABOR,0
Beta,ot1,CUCUR,SUPPL,0
Beta,ot1,DRYBN,LAND,0
Beta,ot1,DRYBN,WATER,0
Beta,ot1,DRYBN,LABOR,0
Beta,ot1,DRYBN,SUPPL,0
Beta,ot1,FRTOM,LAND,0
Beta,ot1,FRTOM,WATER,0
Beta,ot1,FRTOM,LABOR,0
Beta,ot1,FRTOM,SUPPL,0
Beta,ot1,GRAIN,LAND,0
Beta,ot1,GRAIN,WATER,0
Beta,ot1,GRAIN,LABOR,0
Beta,ot1,GRAIN,SUPPL,0
Beta,ot1,ONGAR,LAND,0
Beta,ot1,ONGAR,WATER,0
Beta,ot1,ONGAR,LABOR,0
Beta,ot1,ONGAR,SUPPL,0
Beta,ot1,OTHDEC,LAND,0.01
Beta,ot1,OTHDEC,WATER,0.99
Beta,ot1,OTHDEC,LABOR,0
Beta,ot1,OTHDEC,SUPPL,0
Beta,ot1,OTHFLD,LAND,0
Beta,ot1,OTHFLD,WATER,0
Beta,ot1,OTHFLD,LABOR,0
Beta,ot1,OTHFLD,SUPPL,0
Beta,ot1,OTHTRK,LAND,0
Beta,ot1,OTHTRK,WATER,0
Beta,ot1,OTHTRK,LABOR,0
Beta,ot1,OTHTRK,SUPPL,0
Beta,ot1,PASTR,LAND,0
Beta,ot1,PASTR,WATER,0
Beta,ot1,PASTR,LABOR,0
Beta,ot1,PASTR,SUPPL,0
Beta,ot1,POTATO,LAND,0
Beta,ot1,POTATO,WATER,0
Beta,ot1,POTATO,LABOR,0
Beta,ot1,POTATO,SUPPL,0
Beta,ot1,PRTOM,LAND,0
Beta,ot1,PRTOM,WATER,0
Beta,ot1,PRTOM,LABOR,0
Beta,ot1,PRTOM,SUPPL,0
Beta,ot1,RICE,LAND,0
Beta,ot1,RICE,WATER,0
Beta,ot1,RICE,LABOR,0
Beta,ot1,RICE,SUPPL,0
Beta,ot1,SAFLR,LAND,0
Beta,ot1,SAFLR,WATER,0
Beta,ot1,SAFLR,LABOR,0
Beta,ot1,SAFLR,SUPPL,0
Beta,ot1,SBEET,LAND,0
Beta,ot1,SBEET,WATER,0
Beta,ot1,SBEET,LABOR,0
Beta,ot1,SBEET,SUPPL,0
Beta,ot1,SUBTRP,LAND,0
Beta,ot1,SUBTRP,WATER,0
Beta,ot1,SUBTRP,LABOR,0
Beta,ot1,SUBTRP,SUPPL,0
Beta,ot1,VINE,LAND,0.01
Beta,ot1,VINE,WATER,0.99
Beta,ot1,VINE,LABOR,0
Beta,ot1,VINE,SUPPL,0
